Region_ID,Side,ID_Path,Region,Abbr
1,R,/997/8/343/1129/1097/467/331/557/1/,"Tuberomammillary nucleus, ventral part",TMv
2,R,/997/8/567/688/695/315/453/322/345/2/,"Primary somatosensory area, mouth, layer 6b",SSp-m6b
6,R,/997/1009/983/784/6/,internal capsule,int
7,R,/997/8/343/1065/771/1132/7/,Principal sensory nucleus of the trigeminal,PSV
9,R,/997/8/567/688/695/315/453/322/361/9/,"Primary somatosensory area, trunk, layer 6a",SSp-tr6a
10,R,/997/8/343/313/323/294/10/,"Superior colliculus, motor related, intermediate gray layer",SCig
12,R,/997/8/343/313/348/165/12/,Interfascicular nucleus raphe,IF
15,R,/997/8/343/1129/549/856/571/15/,Parataenial nucleus,PT
17,R,/997/8/343/313/323/294/17/,"Superior colliculus, motor related, intermediate white layer",SCiw
19,R,/997/8/567/688/695/1089/1080/19/,Induseum griseum,IG
20,R,/997/8/567/688/695/1089/822/909/918/20/,"Entorhinal area, lateral part, layer 2",ENTl2
22,R,/997/8/567/688/695/315/22/,Posterior parietal association areas,PTLp
23,R,/997/8/567/623/477/278/23/,Anterior amygdalar area,AAA
26,R,/997/8/343/313/323/294/26/,"Superior colliculus, motor related, deep gray layer",SCdg
27,R,/997/8/343/1129/549/856/1014/27/,Intergeniculate leaflet of the lateral geniculate complex,IGL
28,R,/997/8/567/688/695/1089/822/909/918/28/,"Entorhinal area, lateral part, layer 6a",ENTl6a
30,R,/997/8/343/1129/1097/157/30/,"Periventricular hypothalamic nucleus, anterior part",PVa
33,R,/997/8/567/688/695/315/669/385/33/,"Primary visual area, layer 6a",VISp6a
35,R,/997/8/343/313/323/35/,Oculomotor nucleus,III
36,R,/997/8/567/688/695/315/1057/36/,"Gustatory areas, layer 1",GU1
38,R,/997/8/343/1129/1097/157/38/,Paraventricular hypothalamic nucleus,PVH
41,R,/997/8/567/688/695/315/669/533/41/,"Posteromedial visual area, layer 2/3",VISpm2/3
42,R,/997/8/343/313/323/294/42/,"Superior colliculus, motor related, deep white layer",SCdw
50,R,/997/8/343/313/323/795/50/,Precommissural nucleus,PRC
52,R,/997/8/567/688/695/1089/822/909/918/52/,"Entorhinal area, lateral part, layer 3",ENTl3
54,R,/997/1009/991/824/54/,medial forebrain bundle,mfb
56,R,/997/8/567/623/477/493/56/,Nucleus accumbens,ACB
58,R,/997/8/343/313/323/58/,Medial terminal nucleus of the accessory optic tract,MT
59,R,/997/8/343/1129/549/856/444/59/,Intermediodorsal nucleus of the thalamus,IMD
62,R,/997/1009/967/832/62/,medial longitudinal fascicle,mlf
63,R,/997/8/343/1129/1097/467/63/,"Paraventricular hypothalamic nucleus, descending division",PVHd
64,R,/997/8/343/1129/549/856/239/64/,Anterodorsal nucleus,AD
66,R,/997/8/343/313/323/66/,Lateral terminal nucleus of the accessory optic tract,LT
67,R,/997/8/343/313/323/795/67/,Interstitial nucleus of Cajal,INC
68,R,/997/8/567/688/695/315/184/68/,"Frontal pole, layer 1",FRP1
72,R,/997/8/343/1129/1097/141/72/,Anterodorsal preoptic nucleus,ADP
74,R,/997/8/567/688/695/315/669/409/74/,"Lateral visual area, layer 6a",VISl6a
75,R,/997/8/343/313/323/75/,Dorsal terminal nucleus of the accessory optic tract,DT
78,R,/997/1009/960/752/78/,middle cerebellar peduncle,mcp
81,R,/997/73/81/,lateral ventricle,VL
83,R,/997/8/343/1065/354/370/83/,Inferior olivary complex,IO
84,R,/997/8/567/688/695/315/972/84/,"Prelimbic area, layer 6a",PL6a
88,R,/997/8/343/1129/1097/467/88/,Anterior hypothalamic nucleus,AHN
91,R,/997/8/512/519/91/,Interposed nucleus,IP
93,R,/997/1009/967/901/93/,motor root of the trigeminal nerve,moV
96,R,/997/8/343/1065/354/386/607/96/,Dorsal cochlear nucleus,DCO
97,R,/997/8/567/688/695/315/541/97/,"Temporal association areas, layer 1",TEa1
98,R,/997/73/81/98/,subependymal zone,SEZ
100,R,/997/8/343/313/348/165/100/,Interpeduncular nucleus,IPN
101,R,/997/8/343/1065/354/386/607/101/,Ventral cochlear nucleus,VCO
102,R,/997/1009/1000/760/102/,nigrostriatal tract,nst
105,R,/997/8/343/1065/771/1132/398/105/,"Superior olivary complex, medial part",SOCm
106,R,/997/8/343/1065/354/370/106/,Inferior salivatory nucleus,ISN
108,R,/997/73/81/108/,choroid plexus,chpl
113,R,/997/8/567/688/695/315/453/322/337/113/,"Primary somatosensory area, lower limb, layer 2/3",SSp-ll2/3
114,R,/997/8/343/1065/771/1132/398/114/,"Superior olivary complex, lateral part",SOCl
115,R,/997/8/343/313/323/115/,Trochlear nucleus,IV
117,R,/997/1009/967/848/117/,optic chiasm,och
118,R,/997/8/343/1129/1097/157/118/,"Periventricular hypothalamic nucleus, intermediate part",PVi
120,R,/997/8/567/688/695/315/95/111/120/,"Agranular insular area, posterior part, layer 1",AIp1
121,R,/997/8/567/688/695/315/669/409/121/,"Lateral visual area, layer 6b",VISl6b
122,R,/997/8/343/1065/771/1132/398/122/,"Superior olivary complex, periolivary region",POR
123,R,/997/8/343/1065/771/1132/867/123/,Koelliker-Fuse subnucleus,KF
125,R,/997/1009/967/848/125/,optic tract,opt
126,R,/997/8/343/1129/1097/141/126/,"Periventricular hypothalamic nucleus, posterior part",PVp
128,R,/997/8/343/313/323/128/,Midbrain reticular nucleus,MRN
129,R,/997/73/129/,third ventricle,V3
131,R,/997/8/567/688/703/131/,Lateral amygdalar nucleus,LA
132,R,/997/8/567/688/695/315/972/132/,"Prelimbic area, layer 6b",PL6b
133,R,/997/8/343/1129/1097/141/133/,"Periventricular hypothalamic nucleus, preoptic part",PVpo
136,R,/997/8/343/1065/354/370/136/,Intermediate reticular nucleus,IRN
139,R,/997/8/567/688/695/1089/822/909/918/139/,"Entorhinal area, lateral part, layer 5",ENTl5
140,R,/997/73/140/,cerebral aqueduct,AQ
143,R,/997/8/343/1065/354/370/135/143/,"Nucleus ambiguus, ventral division",AMBv
145,R,/997/73/145/,fourth ventricle,V4
146,R,/997/8/343/1065/771/1117/146/,Pontine reticular nucleus,PRNr
147,R,/997/8/343/1065/771/1117/147/,Locus ceruleus,LC
148,R,/997/8/567/688/695/315/1057/148/,"Gustatory areas, layer 4",GU4
149,R,/997/8/343/1129/549/856/571/149/,Paraventricular nucleus of the thalamus,PVT
153,R,/997/73/145/153/,lateral recess,V4r
155,R,/997/8/343/1129/549/856/239/155/,Lateral dorsal nucleus of thalamus,LD
156,R,/997/8/567/688/695/315/247/1011/156/,"Dorsal auditory area, layer 6a",AUDd6a
158,R,/997/1009/967/832/158/,posterior commissure,pc
159,R,/997/8/567/688/695/698/159/,Anterior olfactory nucleus,AON
162,R,/997/8/343/1065/771/1117/162/,Laterodorsal tegmental nucleus,LDT
163,R,/997/8/567/688/695/315/95/111/163/,"Agranular insular area, posterior part, layer 2/3",AIp2/3
164,R,/997/73/164/,"central canal, spinal cord/medulla",c
169,R,/997/8/343/1065/354/370/154/169/,Nucleus prepositus,PRP
171,R,/997/8/567/688/695/315/972/171/,"Prelimbic area, layer 1",PL1
173,R,/997/8/343/1129/1097/290/173/,Retrochiasmatic area,RCH
177,R,/997/8/343/1065/354/370/154/177/,Nucleus of Roller,NR
178,R,/997/8/343/1129/549/856/1014/178/,Ventral part of the lateral geniculate complex,LGv
180,R,/997/8/567/688/695/315/1057/180/,"Gustatory areas, layer 2/3",GU2/3
181,R,/997/8/343/1129/549/856/571/181/,Nucleus of reuniens,RE
184,R,/997/8/567/688/695/315/184/,"Frontal pole, cerebral cortex",FRP
186,R,/997/8/343/1129/549/856/958/186/,Lateral habenula,LH
187,R,/997/8/567/688/695/315/1057/187/,"Gustatory areas, layer 5",GU5
188,R,/997/8/567/688/695/698/151/188/,"Accessory olfactory bulb, glomerular layer",AOBgl
189,R,/997/8/343/1129/549/856/51/189/,Rhomboid nucleus,RH
190,R,/997/1009/983/784/190/,pyramid,py
194,R,/997/8/343/1129/1097/290/194/,Lateral hypothalamic area,LHA
196,R,/997/8/567/688/695/698/151/196/,"Accessory olfactory bulb, granular layer",AOBgr
197,R,/997/8/343/313/348/165/197/,Rostral linear nucleus raphe,RL
198,R,/997/1009/983/784/198/,pyramidal decussation,pyd
201,R,/997/8/567/688/695/315/453/322/329/201/,"Primary somatosensory area, barrel field, layer 2/3",SSp-bfd2/3
202,R,/997/8/343/1065/354/370/701/202/,Medial vestibular nucleus,MV
203,R,/997/8/343/1065/354/370/203/,Linear nucleus of the medulla,LIN
204,R,/997/8/567/688/695/698/151/204/,"Accessory olfactory bulb, mitral layer",AOBmi
206,R,/997/8/343/1065/354/379/206/,Nucleus raphe magnus,RM
207,R,/997/8/343/1065/354/386/207/,Area postrema,AP
209,R,/997/8/343/1065/354/370/701/209/,Lateral vestibular nucleus,LAV
210,R,/997/8/343/1129/1097/467/331/210/,Lateral mammillary nucleus,LM
211,R,/997/8/567/688/695/315/31/39/211/,"Anterior cingulate area, dorsal part, layer 2/3",ACAd2/3
214,R,/997/8/343/313/323/214/,Red nucleus,RN
215,R,/997/8/343/313/323/1100/215/,Anterior pretectal nucleus,APN
217,R,/997/8/343/1065/354/370/701/217/,Superior vestibular nucleus,SUV
218,R,/997/8/343/1129/549/856/138/218/,Lateral posterior nucleus of the thalamus,LP
222,R,/997/8/343/1065/354/379/222/,Nucleus raphe obscurus,RO
223,R,/997/8/343/1129/1097/157/223/,Arcuate hypothalamic nucleus,ARH
225,R,/997/8/343/1065/354/370/701/225/,Spinal vestibular nucleus,SPIV
226,R,/997/8/343/1129/1097/290/226/,Lateral preoptic area,LPO
229,R,/997/1009/967/901/229/,sensory root of the trigeminal nerve,sV
230,R,/997/8/343/1065/354/379/230/,Nucleus raphe pallidus,RPA
231,R,/997/8/343/313/323/231/,Anterior tegmental nucleus,AT
233,R,/997/8/567/688/695/315/669/402/233/,"Anterolateral visual area, layer 5",VISal5
234,R,/997/8/567/688/695/315/541/234/,"Temporal association areas, layer 4",TEa4
237,R,/997/1009/967/917/237/,solitary tract,ts
238,R,/997/8/343/1065/771/1117/238/,Nucleus raphe pontis,RPO
243,R,/997/8/567/688/695/315/247/1011/243/,"Dorsal auditory area, layer 6b",AUDd6b
246,R,/997/8/343/313/323/246/,"Midbrain reticular nucleus, retrorubral area",RR
249,R,/997/8/567/688/695/315/247/1027/249/,"Posterior auditory area, layer 6a",AUDpo6a
250,R,/997/8/567/623/477/275/242/250/,"Lateral septal nucleus, caudal (caudodorsal) part",LSc
251,R,/997/8/567/688/695/315/247/1002/251/,"Primary auditory area, layer 2/3",AUDp2/3
252,R,/997/8/567/688/695/315/247/1011/252/,"Dorsal auditory area, layer 5",AUDd5
255,R,/997/8/343/1129/549/856/239/255/,Anteroventral nucleus of thalamus,AV
257,R,/997/8/567/688/695/315/669/533/257/,"Posteromedial visual area, layer 6a",VISpm6a
258,R,/997/8/567/623/477/275/242/258/,"Lateral septal nucleus, rostral (rostroventral) part",LSr
260,R,/997/8/567/688/695/698/619/260/,"Nucleus of the lateral olfactory tract, molecular layer",NLOT1
262,R,/997/8/343/1129/549/856/262/,Reticular nucleus of the thalamus,RT
263,R,/997/8/343/1129/1097/141/263/,Anteroventral preoptic nucleus,AVP
266,R,/997/8/567/623/477/275/242/266/,"Lateral septal nucleus, ventral part",LSv
268,R,/997/8/567/688/695/698/619/268/,"Nucleus of the lateral olfactory tract, pyramidal layer",NLOT2
269,R,/997/8/567/688/695/315/669/425/269/,"Posterolateral visual area, layer 2/3",VISpl2/3
271,R,/997/8/343/313/339/271/,Nucleus sagulum,SAG
272,R,/997/8/343/1129/1097/141/272/,Anteroventral periventricular nucleus,AVPV
274,R,/997/8/567/688/695/315/254/879/274/,"Retrosplenial area, dorsal part, layer 6a",RSPd6a
279,R,/997/8/567/688/695/315/254/894/279/,"Retrosplenial area, lateral agranular part, layer 6b",RSPagl6b
280,R,/997/8/343/1065/771/987/280/,Barrington's nucleus,B
281,R,/997/8/567/688/695/315/669/394/281/,"Anteromedial visual area, layer 1",VISam1
286,R,/997/8/343/1129/1097/141/286/,Suprachiasmatic nucleus,SCH
287,R,/997/8/567/623/803/809/287/,Bed nucleus of the anterior commissure,BAC
288,R,/997/8/567/688/695/315/714/746/288/,"Orbital area, ventrolateral part, layer 2/3",ORBvl2/3
289,R,/997/8/567/688/695/315/541/289/,"Temporal association areas, layer 5",TEa5
292,R,/997/8/567/623/477/278/292/,Bed nucleus of the accessory olfactory tract,BA
296,R,/997/8/567/688/695/315/31/48/296/,"Anterior cingulate area, ventral part, layer 2/3",ACAv2/3
298,R,/997/8/567/623/803/835/298/,Magnocellular nucleus,MA
301,R,/997/1009/991/768/301/,stria terminalis,st
303,R,/997/8/567/688/703/295/303/,"Basolateral amygdalar nucleus, anterior part",BLAa
304,R,/997/8/567/688/695/315/972/304/,"Prelimbic area, layer 2/3",PL2/3
305,R,/997/8/567/688/695/315/669/385/305/,"Primary visual area, layer 6b",VISp6b
307,R,/997/8/343/1065/354/370/307/,Magnocellular reticular nucleus,MARN
310,R,/997/8/567/623/477/275/310/,Septofimbrial nucleus,SF
311,R,/997/8/567/688/703/295/311/,"Basolateral amygdalar nucleus, posterior part",BLAp
313,R,/997/8/343/313/,Midbrain,MB
314,R,/997/8/567/688/695/315/95/111/314/,"Agranular insular area, posterior part, layer 6a",AIp6a
318,R,/997/8/343/1065/771/987/318/,Supragenual nucleus,SG
320,R,/997/8/567/688/695/315/500/985/320/,"Primary motor area, Layer 1",MOp1
321,R,/997/8/343/1129/549/856/1014/321/,Subgeniculate nucleus,SubG
325,R,/997/8/343/1129/549/856/138/325/,Suprageniculate nucleus,SGN
326,R,/997/1009/960/752/326/,superior cerebelar peduncles,scp
327,R,/997/8/567/688/703/319/327/,"Basomedial amygdalar nucleus, anterior part",BMAa
328,R,/997/8/567/688/695/315/95/104/328/,"Agranular insular area, dorsal part, layer 2/3",AId2/3
329,R,/997/8/567/688/695/315/453/322/329/,"Primary somatosensory area, barrel field",SSp-bfd
330,R,/997/8/567/688/695/315/254/879/330/,"Retrosplenial area, dorsal part, layer 6b",RSPd6b
332,R,/997/8/343/1129/1097/157/332/,Accessory supraoptic group,ASO
333,R,/997/8/567/623/477/275/333/,Septohippocampal nucleus,SH
334,R,/997/8/567/688/703/319/334/,"Basomedial amygdalar nucleus, posterior part",BMAp
335,R,/997/8/567/688/695/315/922/335/,"Perirhinal area, layer 6a",PERI6a
336,R,/997/1009/967/848/336/,superior colliculus commissure,csc
338,R,/997/8/343/1129/1097/141/338/,Subfornical organ,SFO
342,R,/997/8/567/623/803/835/342/,Substantia innominata,SI
344,R,/997/8/567/688/695/315/95/111/344/,"Agranular insular area, posterior part, layer 5",AIp5
347,R,/997/8/343/1129/1097/141/347/,Subparaventricular zone,SBPV
349,R,/997/1009/991/824/349/,supraoptic commissures,sup
350,R,/997/8/343/1065/771/1117/350/,Subceruleus nucleus,SLC
351,R,/997/8/567/623/803/809/351/,Bed nuclei of the stria terminalis,BST
354,R,/997/8/343/1065/354/,Medulla,MY
355,R,/997/8/567/688/695/315/95/111/355/,"Agranular insular area, posterior part, layer 6b",AIp6b
356,R,/997/8/343/1129/1097/290/356/,Preparasubthalamic nucleus,PST
358,R,/997/8/343/1065/771/1117/358/,Sublaterodorsal nucleus,SLD
362,R,/997/8/343/1129/549/856/444/362/,Mediodorsal nucleus of thalamus,MD
363,R,/997/8/567/688/695/315/972/363/,"Prelimbic area, layer 5",PL5
364,R,/997/8/343/1129/1097/290/364/,Parasubthalamic nucleus,PSTN
366,R,/997/8/343/1129/549/856/444/366/,Submedial nucleus of the thalamus,SMT
368,R,/997/8/567/688/695/315/922/368/,"Perirhinal area, layer 6b",PERI6b
372,R,/997/8/343/1065/354/370/372/,Infracerebellar nucleus,ICB
374,R,/997/8/343/313/348/374/,"Substantia nigra, compact part",SNc
377,R,/997/8/567/688/695/315/669/425/377/,"Posterolateral visual area, layer 6a",VISpl6a
380,R,/997/1009/967/792/932/514/380/,cuneate fascicle,cuf
381,R,/997/8/343/313/323/381/,"Substantia nigra, reticular part",SNr
382,R,/997/8/567/688/695/1089/1080/375/382/,Field CA1,CA1
390,R,/997/8/343/1129/1097/157/390/,Supraoptic nucleus,SO
393,R,/997/8/567/688/695/315/669/425/393/,"Posterolateral visual area, layer 6b",VISpl6b
397,R,/997/1009/1000/863/397/,ventral tegmental decussation,vtd
401,R,/997/8/567/688/695/315/669/394/401/,"Anteromedial visual area, layer 4",VISam4
403,R,/997/8/567/623/477/278/403/,Medial amygdalar nucleus,MEA
412,R,/997/8/567/688/695/315/714/723/412/,"Orbital area, lateral part, layer 2/3",ORBl2/3
413,R,/997/1009/967/933/413/,vestibular nerve,vVIIIn
414,R,/997/8/343/1129/549/864/406/414/,"Subparafascicular nucleus, magnocellular part",SPFm
421,R,/997/8/567/688/695/315/669/409/421/,"Lateral visual area, layer 1",VISl1
422,R,/997/8/343/1129/549/864/406/422/,"Subparafascicular nucleus, parvicellular part",SPFp
423,R,/997/8/567/688/695/1089/1080/375/423/,Field CA2,CA2
427,R,/997/8/567/688/695/315/895/427/,Ectorhinal area/Layer 2/3,ECT2/3
428,R,/997/1009/991/768/1099/737/428/,medial corticohypothalamic tract,mct
429,R,/997/8/343/1065/354/386/429/,"Spinal nucleus of the trigeminal, caudal part",SPVC
430,R,/997/8/567/688/695/315/254/886/430/,"Retrosplenial area, ventral part, layer 2/3",RSPv2/3
433,R,/997/8/567/688/695/315/669/394/433/,"Anteromedial visual area, layer 5",VISam5
434,R,/997/8/567/688/695/315/254/879/434/,"Retrosplenial area, dorsal part, layer 2/3",RSPd2/3
436,R,/997/1009/991/768/1099/737/436/,columns of the fornix,fx
437,R,/997/8/343/1065/354/386/437/,"Spinal nucleus of the trigeminal, interpolar part",SPVI
440,R,/997/8/567/688/695/315/714/723/440/,"Orbital area, lateral part, layer 6a",ORBl6a
441,R,/997/8/567/688/695/315/669/394/441/,"Anteromedial visual area, layer 6b",VISam6b
442,R,/997/8/567/688/695/315/254/879/442/,"Retrosplenial area, dorsal part, layer 1",RSPd1
443,R,/997/1009/991/768/1099/618/443/,dorsal hippocampal commissure,dhc
445,R,/997/8/343/1065/354/386/445/,"Spinal nucleus of the trigeminal, oral part",SPVO
448,R,/997/8/567/688/695/315/714/723/448/,"Orbital area, lateral part, layer 1",ORBl1
449,R,/997/1009/991/768/1099/618/449/,ventral hippocampal commissure,vhc
450,R,/997/8/567/688/695/315/453/322/369/450/,"Primary somatosensory area, upper limb, layer 1",SSp-ul1
451,R,/997/8/567/688/703/295/451/,"Basolateral amygdalar nucleus, ventral part",BLAv
452,R,/997/8/343/1129/1097/141/452/,Median preoptic nucleus,MEPO
456,R,/997/8/567/688/695/315/247/1027/456/,"Posterior auditory area, layer 6b",AUDpo6b
460,R,/997/8/343/313/339/460/,Midbrain trigeminal nucleus,MEV
461,R,/997/8/567/688/695/315/453/322/361/461/,"Primary somatosensory area, trunk, layer 6b",SSp-tr6b
463,R,/997/8/567/688/695/1089/1080/375/463/,Field CA3,CA3
466,R,/997/1009/991/768/1099/466/,alveus,alv
469,R,/997/8/567/688/695/315/669/533/469/,"Posteromedial visual area, layer 6b",VISpm6b
470,R,/997/8/343/1129/1097/290/470/,Subthalamic nucleus,STN
477,R,/997/8/567/623/477/,Striatum,STR
478,R,/997/8/567/688/695/315/453/322/337/478/,"Primary somatosensory area, lower limb, layer 6a",SSp-ll6a
482,R,/997/1009/967/933/948/482/,brachium of the inferior colliculus,bic
483,R,/997/8/343/1129/549/856/958/483/,Medial habenula,MH
484,R,/997/8/567/688/695/315/714/731/484/,"Orbital area, medial part, layer 1",ORBm1
488,R,/997/8/567/688/695/315/714/723/488/,"Orbital area, lateral part, layer 6b",ORBl6b
501,R,/997/8/567/688/695/315/669/533/501/,"Posteromedial visual area, layer 4",VISpm4
502,R,/997/8/567/688/695/1089/822/502/,Subiculum,SUB
506,R,/997/1009/967/933/948/506/,dorsal acoustic stria,das
507,R,/997/8/567/688/695/698/507/,Main olfactory bulb,MOB
510,R,/997/8/567/688/695/315/453/322/337/510/,"Primary somatosensory area, lower limb, layer 6b",SSp-ll6b
512,R,/997/8/512/,Cerebellum,CB
515,R,/997/8/343/1129/1097/467/515/,Medial preoptic nucleus,MPN
520,R,/997/8/567/688/695/315/247/1018/520/,"Ventral auditory area, layer 6a",AUDv6a
523,R,/997/8/343/1129/1097/141/523/,Medial preoptic area,MPO
525,R,/997/8/343/1129/1097/467/331/525/,Supramammillary nucleus,SUM
526,R,/997/8/567/688/695/1089/822/909/926/526/,"Entorhinal area, medial part, dorsal zone, layer 1",ENTm1
527,R,/997/8/567/688/695/315/247/1011/527/,"Dorsal auditory area, layer 1",AUDd1
530,R,/997/1009/991/768/1099/530/,dorsal fornix,df
531,R,/997/8/343/313/323/1100/531/,Medial pretectal area,MPT
534,R,/997/8/343/1065/771/987/534/,Supratrigeminal nucleus,SUT
538,R,/997/1009/967/840/21/538/,dorsal limb,lotd
540,R,/997/8/567/688/695/315/922/540/,"Perirhinal area, layer 1",PERI1
542,R,/997/8/567/688/695/315/254/886/542/,"Retrosplenial area, ventral part, layer 1",RSPv1
543,R,/997/8/567/688/695/1089/822/909/926/543/,"Entorhinal area, medial part, dorsal zone, layer 2",ENTm2
544,R,/997/8/567/623/477/278/536/544/,"Central amygdalar nucleus, capsular part",CEAc
549,R,/997/8/343/1129/549/,Thalamus,TH
551,R,/997/8/567/623/477/278/536/551/,"Central amygdalar nucleus, lateral part",CEAl
553,R,/997/1009/960/752/1123/553/,dorsal spinocerebellar tract,sctd
556,R,/997/8/567/688/695/315/44/556/,"Infralimbic area, layer 2/3",ILA2/3
558,R,/997/8/567/688/695/315/453/322/353/558/,"Primary somatosensory area, nose, layer 1",SSp-n1
559,R,/997/8/567/623/477/278/536/559/,"Central amygdalar nucleus, medial part",CEAm
564,R,/997/8/567/623/803/826/904/564/,Medial septal nucleus,MS
565,R,/997/8/567/688/695/315/669/533/565/,"Posteromedial visual area, layer 5",VISpm5
566,R,/997/8/567/688/695/698/566/,Postpiriform transition area,TR
573,R,/997/8/567/688/695/315/669/409/573/,"Lateral visual area, layer 4",VISl4
574,R,/997/8/343/1065/771/987/574/,Tegmental reticular nucleus,TRN
575,R,/997/8/343/1129/549/856/51/575/,Central lateral nucleus of the thalamus,CL
576,R,/997/8/343/1065/354/370/576/,Accessory facial motor nucleus,ACVII
577,R,/997/8/567/688/695/315/453/322/369/577/,"Primary somatosensory area, upper limb, layer 4",SSp-ul4
579,R,/997/1009/983/776/956/579/,external capsule,ec
580,R,/997/8/343/313/339/580/,Nucleus of the brachium of the inferior colliculus,NB
581,R,/997/8/567/623/803/826/581/,Triangular nucleus of septum,TRS
582,R,/997/8/567/688/695/315/714/731/582/,"Orbital area, medial part, layer 2/3",ORBm2/3
583,R,/997/8/567/688/703/583/,Claustrum,CLA
587,R,/997/8/343/313/323/795/587/,Nucleus of Darkschewitsch,ND
588,R,/997/8/567/688/695/315/31/48/588/,"Anterior cingulate area, ventral part, layer 1",ACAv1
590,R,/997/8/567/688/695/315/254/886/590/,"Retrosplenial area, ventral part, layer 6a",RSPv6a
591,R,/997/8/343/313/348/165/591/,Central linear nucleus raphe,CLI
593,R,/997/8/567/688/695/315/669/385/593/,"Primary visual area, layer 1",VISp1
595,R,/997/1009/991/824/1083/595/,fasciculus retroflexus,fr
596,R,/997/8/567/623/803/826/904/596/,Diagonal band nucleus,NDB
597,R,/997/8/567/688/695/698/589/597/,"Taenia tecta, dorsal part",TTd
598,R,/997/8/567/688/695/315/247/1018/598/,"Ventral auditory area, layer 6b",AUDv6b
599,R,/997/8/343/1129/549/856/51/599/,Central medial nucleus of the thalamus,CM
600,R,/997/8/567/688/695/315/247/1011/600/,"Dorsal auditory area, layer 2/3",AUDd2/3
601,R,/997/8/567/688/695/315/669/402/601/,"Anterolateral visual area, layer 6a",VISal6a
603,R,/997/1009/991/768/1099/603/,fimbria,fi
604,R,/997/8/343/1065/771/1117/604/,Nucleus incertus,NI
605,R,/997/8/567/688/695/698/589/605/,"Taenia tecta, ventral part",TTv
608,R,/997/8/567/688/695/315/714/746/608/,"Orbital area, ventrolateral part, layer 6a",ORBvl6a
609,R,/997/8/343/1129/549/864/609/,Subparafascicular area,SPA
610,R,/997/8/567/688/695/315/254/879/610/,"Retrosplenial area, dorsal part, layer 5",RSPd5
611,R,/997/1009/991/824/1083/611/,habenular commissure,hbc
612,R,/997/8/343/1065/771/1132/612/,Nucleus of the lateral lemniscus,NLL
613,R,/997/8/567/688/695/315/669/409/613/,"Lateral visual area, layer 5",VISl5
614,R,/997/8/343/1129/1097/290/614/,Tuberal nucleus,TU
616,R,/997/8/343/313/323/616/,Cuneiform nucleus,CUN
620,R,/997/8/567/688/695/315/714/731/620/,"Orbital area, medial part, layer 5",ORBm5
621,R,/997/8/343/1065/771/987/621/,Motor nucleus of trigeminal,V
622,R,/997/8/567/688/695/315/254/886/622/,"Retrosplenial area, ventral part, layer 6b",RSPv6b
625,R,/997/8/567/688/695/315/453/322/369/625/,"Primary somatosensory area, upper limb, layer 5",SSp-ul5
628,R,/997/8/343/313/323/1100/628/,Nucleus of the optic tract,NOT
629,R,/997/8/343/1129/549/864/637/629/,Ventral anterior-lateral complex of the thalamus,VAL
630,R,/997/8/567/688/695/315/714/723/630/,"Orbital area, lateral part, layer 5",ORBl5
632,R,/997/8/567/688/695/1089/1080/726/632/,"Dentate gyrus, granule cell layer",DG-sg
633,R,/997/1009/967/933/948/633/,inferior colliculus commissure,cic
634,R,/997/8/343/313/323/1100/634/,Nucleus of the posterior commissure,NPC
638,R,/997/8/567/688/695/315/1057/638/,"Gustatory areas, layer 6a",GU6a
639,R,/997/8/567/688/695/698/631/639/,"Cortical amygdalar area, anterior part",COAa
642,R,/997/8/343/1065/354/386/642/,Nucleus of the trapezoid body,NTB
643,R,/997/8/567/688/695/315/247/1027/643/,"Posterior auditory area, layer 2/3",AUDpo2/3
648,R,/997/8/567/688/695/315/500/985/648/,"Primary motor area, Layer 5",MOp5
649,R,/997/8/567/688/695/315/669/402/649/,"Anterolateral visual area, layer 6b",VISal6b
651,R,/997/8/343/1065/354/386/651/,Nucleus of the solitary tract,NTS
653,R,/997/8/343/1065/354/370/653/,Abducens nucleus,VI
654,R,/997/8/567/688/695/315/453/322/353/654/,"Primary somatosensory area, nose, layer 4",SSp-n4
655,R,/997/8/567/688/695/698/631/647/655/,"Cortical amygdalar area, posterior part, lateral zone",COApl
656,R,/997/8/567/688/695/315/500/993/656/,"Secondary motor area, layer 1",MOs1
657,R,/997/8/567/688/695/315/453/322/345/657/,"Primary somatosensory area, mouth, layer 2/3",SSp-m2/3
658,R,/997/1009/967/933/948/658/,lateral lemniscus,ll
661,R,/997/8/343/1065/354/370/661/,Facial motor nucleus,VII
662,R,/997/8/567/688/695/315/1057/662/,"Gustatory areas, layer 6b",GU6b
663,R,/997/8/567/688/695/698/631/647/663/,"Cortical amygdalar area, posterior part, medial zone",COApm
664,R,/997/8/567/688/695/1089/822/909/926/664/,"Entorhinal area, medial part, dorsal zone, layer 3",ENTm3
665,R,/997/1009/967/840/21/665/,"lateral olfactory tract, body",lot
667,R,/997/8/567/688/695/315/184/667/,"Frontal pole, layer 2/3",FRP2/3
670,R,/997/8/567/688/695/315/453/322/361/670/,"Primary somatosensory area, trunk, layer 2/3",SSp-tr2/3
671,R,/997/8/567/688/695/315/254/894/671/,"Retrosplenial area, lateral agranular part, layer 1",RSPagl1
672,R,/997/8/567/623/477/485/672/,Caudoputamen,CP
673,R,/997/1009/991/824/46/673/,mammillary peduncle,mp
675,R,/997/8/567/688/695/315/95/119/675/,"Agranular insular area, ventral part, layer 6a",AIv6a
678,R,/997/8/567/688/695/315/247/1011/678/,"Dorsal auditory area, layer 4",AUDd4
679,R,/997/8/343/1065/771/1117/679/,Superior central nucleus raphe,CS
680,R,/997/8/567/688/695/315/714/746/680/,"Orbital area, ventrolateral part, layer 6b",ORBvl6b
681,R,/997/1009/991/824/46/681/,mammillotegmental tract,mtg
685,R,/997/8/343/1129/549/864/637/685/,Ventral medial nucleus of the thalamus,VM
687,R,/997/8/567/688/695/315/254/886/687/,"Retrosplenial area, ventral part, layer 5",RSPv5
689,R,/997/8/343/1129/1097/141/689/,Ventrolateral preoptic nucleus,VLPO
690,R,/997/1009/991/824/46/690/,mammillothalamic tract,mtt
692,R,/997/8/567/688/695/315/922/692/,"Perirhinal area, layer 5",PERI5
693,R,/997/8/343/1129/1097/467/693/,Ventromedial hypothalamic nucleus,VMH
694,R,/997/8/567/688/695/315/95/119/694/,"Agranular insular area, ventral part, layer 2/3",AIv2/3
696,R,/997/8/567/688/695/315/247/1027/696/,"Posterior auditory area, layer 1",AUDpo1
697,R,/997/1009/967/792/932/697/,medial lemniscus,ml
698,R,/997/8/567/688/695/698/,Olfactory areas,OLF
699,R,/997/8/567/688/695/315/95/119/699/,"Agranular insular area, ventral part, layer 6b",AIv6b
702,R,/997/8/567/688/695/315/453/322/353/702/,"Primary somatosensory area, nose, layer 5",SSp-n5
703,R,/997/8/567/688/703/,Cortical subplate,CTXsp
704,R,/997/8/567/688/695/315/95/119/704/,"Agranular insular area, ventral part, layer 1",AIv1
706,R,/997/8/343/313/323/1100/706/,Olivary pretectal nucleus,OP
707,R,/997/8/567/688/695/315/44/707/,"Infralimbic area, layer 1",ILA1
711,R,/997/8/343/1065/354/386/720/711/,Cuneate nucleus,CU
718,R,/997/8/343/1129/549/864/637/709/718/,Ventral posterolateral nucleus of the thalamus,VPL
721,R,/997/8/567/688/695/315/669/385/721/,"Primary visual area, layer 4",VISp4
725,R,/997/8/343/1129/549/864/637/709/725/,"Ventral posterolateral nucleus of the thalamus, parvicellular part",VPLpc
727,R,/997/8/567/688/695/1089/822/909/926/727/,"Entorhinal area, medial part, dorsal zone, layer 5",ENTm5
728,R,/997/1009/960/728/,arbor vitae,arb
729,R,/997/8/567/688/695/315/541/729/,"Temporal association areas, layer 6a",TEa6a
732,R,/997/8/343/1129/1097/467/331/491/732/,"Medial mammillary nucleus, median part",Mmme
733,R,/997/8/343/1129/549/864/637/709/733/,Ventral posteromedial nucleus of the thalamus,VPM
735,R,/997/8/567/688/695/315/247/1002/735/,"Primary auditory area, layer 1",AUDp1
741,R,/997/8/343/1129/549/864/637/709/741/,"Ventral posteromedial nucleus of the thalamus, parvicellular part",VPMpc
743,R,/997/8/567/688/695/1089/822/909/926/743/,"Entorhinal area, medial part, dorsal zone, layer 6",ENTm6
744,R,/997/1009/960/744/,cerebellar commissure,cbc
749,R,/997/8/343/313/323/749/,Ventral tegmental area,VTA
750,R,/997/8/567/688/695/315/669/425/750/,"Posterolateral visual area, layer 1",VISpl1
753,R,/997/1009/991/824/46/753/,principal mammillary tract,pm
754,R,/997/8/567/623/477/493/754/,Olfactory tubercle,OT
755,R,/997/8/567/688/695/315/247/1018/755/,"Ventral auditory area, layer 2/3",AUDv2/3
757,R,/997/8/343/313/323/757/,Ventral tegmental nucleus,VTN
759,R,/997/8/567/688/695/315/247/1027/759/,"Posterior auditory area, layer 4",AUDpo4
763,R,/997/8/343/1129/1097/141/763/,Vascular organ of the lamina terminalis,OV
765,R,/997/8/343/1065/354/370/765/,Nucleus x,x
767,R,/997/8/567/688/695/315/500/993/767/,"Secondary motor area, layer 5",MOs5
771,R,/997/8/343/1065/771/,Pons,P
772,R,/997/8/567/688/695/315/31/48/772/,"Anterior cingulate area, ventral part, layer 5",ACAv5
773,R,/997/8/343/1065/354/370/773/,Hypoglossal nucleus,XII
774,R,/997/8/567/688/695/315/254/894/774/,"Retrosplenial area, lateral agranular part, layer 5",RSPagl5
776,R,/997/1009/983/776/,corpus callosum,cc
778,R,/997/8/567/688/695/315/669/385/778/,"Primary visual area, layer 5",VISp5
780,R,/997/8/567/688/703/780/,Posterior amygdalar nucleus,PA
781,R,/997/8/343/1065/354/370/781/,Nucleus y,y
783,R,/997/8/567/688/695/315/95/104/783/,"Agranular insular area, dorsal part, layer 6a",AId6a
784,R,/997/1009/983/784/,corticospinal tract,cst
786,R,/997/8/567/688/695/315/541/786/,"Temporal association areas, layer 6b",TEa6b
788,R,/997/8/567/688/695/698/788/,Piriform-amygdalar area,PAA
791,R,/997/8/567/688/695/315/247/1027/791/,"Posterior auditory area, layer 5",AUDpo5
794,R,/997/1009/967/901/229/794/,spinal tract of the trigeminal nerve,sptV
795,R,/997/8/343/313/323/795/,Periaqueductal gray,PAG
797,R,/997/8/343/1129/1097/290/797/,Zona incerta,ZI
798,R,/997/1009/967/798/,facial nerve,VIIn
800,R,/997/8/567/688/695/315/95/119/800/,"Agranular insular area, ventral part, layer 5",AIv5
802,R,/997/1009/991/824/1083/802/,stria medullaris,sm
803,R,/997/8/567/623/803/,Pallidum,PAL
804,R,/997/8/343/1129/1097/290/797/804/,Fields of Forel,FF
805,R,/997/8/567/688/695/315/669/533/805/,"Posteromedial visual area, layer 1",VISpm1
806,R,/997/8/567/688/695/315/453/378/806/,"Supplemental somatosensory area, layer 2/3",SSs2/3
810,R,/997/8/567/688/695/315/31/48/810/,"Anterior cingulate area, ventral part, 6a",ACAv6a
811,R,/997/8/343/313/339/4/811/,"Inferior colliculus, central nucleus",ICc
812,R,/997/1009/960/752/326/812/,superior cerebellar peduncle decussation,dscp
814,R,/997/8/567/688/695/698/814/,Dorsal peduncular area,DP
816,R,/997/8/567/688/695/315/247/1002/816/,"Primary auditory area, layer 4",AUDp4
819,R,/997/8/567/688/695/315/31/48/819/,"Anterior cingulate area, ventral part, 6b",ACAv6b
820,R,/997/8/343/313/339/4/820/,"Inferior colliculus, dorsal nucleus",ICd
821,R,/997/8/567/688/695/315/669/385/821/,"Primary visual area, layer 2/3",VISp2/3
827,R,/997/8/567/688/695/315/44/827/,"Infralimbic area, layer 5",ILA5
828,R,/997/8/343/313/339/4/828/,"Inferior colliculus, external nucleus",ICe
830,R,/997/8/343/1129/1097/141/830/,Dorsomedial nucleus of the hypothalamus,DMH
831,R,/997/8/567/688/695/315/95/104/831/,"Agranular insular area, dorsal part, layer 6b",AId6b
832,R,/997/1009/967/832/,oculomotor nerve,IIIn
834,R,/997/8/343/313/339/302/834/,"Superior colliculus, zonal layer",SCzo
836,R,/997/8/567/688/695/315/895/836/,Ectorhinal area/Layer 1,ECT1
838,R,/997/8/567/688/695/315/453/322/353/838/,"Primary somatosensory area, nose, layer 2/3",SSp-n2/3
839,R,/997/8/343/1065/354/370/839/,Dorsal motor nucleus of the vagus nerve,DMX
841,R,/997/1009/967/933/948/841/,trapezoid body,tb
842,R,/997/8/343/313/339/302/842/,"Superior colliculus, superficial gray layer",SCsg
843,R,/997/8/567/688/695/1089/822/843/,Parasubiculum,PAR
844,R,/997/8/567/688/695/315/500/985/844/,"Primary motor area, Layer 6a",MOp6a
846,R,/997/8/512/519/846/,Dentate nucleus,DN
847,R,/997/8/567/688/695/315/247/1002/847/,"Primary auditory area, layer 5",AUDp5
849,R,/997/8/567/688/695/315/677/849/,"Visceral area, layer 6b",VISC6b
850,R,/997/1009/960/752/326/850/,uncinate fascicle,uf
851,R,/997/8/343/313/339/302/851/,"Superior colliculus, optic layer",SCop
852,R,/997/8/343/1065/354/370/852/,Parvicellular reticular nucleus,PARN
854,R,/997/8/567/688/695/315/453/322/369/854/,"Primary somatosensory area, upper limb, layer 2/3",SSp-ul2/3
857,R,/997/8/567/688/695/315/677/857/,"Visceral area, layer 6a",VISC6a
859,R,/997/8/343/1065/354/370/859/,Parasolitary nucleus,PAS
862,R,/997/8/567/688/695/315/453/378/862/,"Supplemental somatosensory area, layer 6a",SSs6a
863,R,/997/1009/1000/863/,rubrospinal tract,rust
866,R,/997/1009/960/752/326/866/,ventral spinocerebellar tract,sctv
867,R,/997/8/343/1065/771/1132/867/,Parabrachial nucleus,PB
869,R,/997/8/567/688/695/315/669/425/869/,"Posterolateral visual area, layer 4",VISpl4
872,R,/997/8/343/313/348/165/872/,Dorsal nucleus raphe,DR
873,R,/997/8/567/688/695/315/453/378/873/,"Supplemental somatosensory area, layer 1",SSs1
874,R,/997/8/343/313/339/874/,Parabigeminal nucleus,PBG
878,R,/997/8/567/688/695/315/453/322/345/878/,"Primary somatosensory area, mouth, layer 1",SSp-m1
880,R,/997/8/343/1065/771/987/880/,Dorsal tegmental nucleus,DTN
882,R,/997/8/567/688/695/315/500/985/882/,"Primary motor area, Layer 6b",MOp6b
884,R,/997/1009/991/768/884/,amygdalar capsule,amc
888,R,/997/8/567/688/695/315/922/888/,"Perirhinal area, layer 2/3",PERI2/3
889,R,/997/8/567/688/695/315/453/322/353/889/,"Primary somatosensory area, nose, layer 6a",SSp-n6a
893,R,/997/8/567/688/695/315/453/378/893/,"Supplemental somatosensory area, layer 6b",SSs6b
897,R,/997/8/567/688/695/315/677/897/,"Visceral area, layer 1",VISC1
898,R,/997/8/343/1065/771/987/898/,Pontine central gray,PCG
900,R,/997/1009/967/840/900/,"anterior commissure, olfactory limb",aco
902,R,/997/8/567/688/695/315/669/425/902/,"Posterolateral visual area, layer 5",VISpl5
903,R,/997/8/343/1065/354/386/903/,External cuneate nucleus,ECU
905,R,/997/8/567/688/695/315/669/402/905/,"Anterolateral visual area, layer 2/3",VISal2/3
906,R,/997/8/567/688/695/315/254/894/906/,"Retrosplenial area, lateral agranular part, layer 6a",RSPagl6a
907,R,/997/8/343/1129/549/856/51/907/,Paracentral nucleus,PCN
908,R,/997/1009/991/768/908/,"anterior commissure, temporal limb",act
910,R,/997/8/567/688/695/315/714/731/910/,"Orbital area, medial part, layer 6a",ORBm6a
911,R,/997/1009/967/911/,trochlear nerve,IVn
912,R,/997/8/512/528/645/912/,Lingula (I),LING
914,R,/997/8/343/1129/1097/141/914/,Posterodorsal preoptic nucleus,PD
916,R,/997/1009/967/848/916/,brachium of the superior colliculus,bsc
919,R,/997/8/567/688/695/315/31/39/919/,"Anterior cingulate area, dorsal part, layer 6a",ACAd6a
924,R,/997/1009/983/784/924/,cerebal peduncle,cpd
927,R,/997/8/567/688/695/315/31/39/927/,"Anterior cingulate area, dorsal part, layer 6b",ACAd6b
929,R,/997/8/567/688/695/315/453/322/353/929/,"Primary somatosensory area, nose, layer 6b",SSp-n6b
930,R,/997/8/343/1129/549/856/51/930/,Parafascicular nucleus,PF
931,R,/997/8/343/1065/771/987/931/,Pontine gray,PG
935,R,/997/8/567/688/695/315/31/39/935/,"Anterior cingulate area, dorsal part, layer 1",ACAd1
936,R,/997/8/512/528/645/936/,Declive (VI),DEC
939,R,/997/8/343/1065/354/370/135/939/,"Nucleus ambiguus, dorsal division",AMBd
940,R,/997/1009/991/768/940/,cingulum bundle,cing
943,R,/997/8/567/688/695/315/500/985/943/,"Primary motor area, Layer 2/3",MOp2/3
944,R,/997/8/512/528/645/944/,Folium-tuber vermis (VII),FOTU
945,R,/997/8/567/688/695/315/453/322/369/945/,"Primary somatosensory area, upper limb, layer 6a",SSp-ul6a
946,R,/997/8/343/1129/1097/467/946/,Posterior hypothalamic nucleus,PH
949,R,/997/1009/967/949/,vomeronasal nerve,von
950,R,/997/8/567/688/695/315/453/322/345/950/,"Primary somatosensory area, mouth, layer 4",SSp-m4
951,R,/997/8/512/528/645/951/,Pyramus (VIII),PYR
952,R,/997/8/567/688/703/942/952/,"Endopiriform nucleus, dorsal part",EPd
954,R,/997/8/567/688/695/315/247/1002/954/,"Primary auditory area, layer 6a",AUDp6a
955,R,/997/8/343/1065/354/370/235/955/,"Lateral reticular nucleus, magnocellular part",LRNm
956,R,/997/1009/983/776/956/,"corpus callosum, anterior forceps",fa
957,R,/997/8/512/528/645/957/,Uvula (IX),UVU
959,R,/997/8/567/688/695/315/247/1018/959/,"Ventral auditory area, layer 1",AUDv1
961,R,/997/8/567/688/695/698/961/,Piriform area,PIR
962,R,/997/8/567/688/695/315/500/993/962/,"Secondary motor area, layer 2/3",MOs2/3
963,R,/997/8/343/1065/354/370/235/963/,"Lateral reticular nucleus, parvicellular part",LRNp
964,R,/997/1009/983/776/964/,"corpus callosum, extreme capsule",ee
965,R,/997/8/567/688/695/315/254/894/965/,"Retrosplenial area, lateral agranular part, layer 2/3",RSPagl2/3
966,R,/997/8/567/688/703/942/966/,"Endopiriform nucleus, ventral part",EPv
968,R,/997/8/512/528/645/968/,Nodulus (X),NOD
969,R,/997/8/567/688/695/315/714/746/969/,"Orbital area, ventrolateral part, layer 1",ORBvl1
970,R,/997/8/343/1065/354/370/938/970/,"Paragigantocellular reticular nucleus, dorsal part",PGRNd
971,R,/997/1009/983/776/971/,"corpus callosum, posterior forceps",fp
973,R,/997/8/567/688/695/315/669/409/973/,"Lateral visual area, layer 2/3",VISl2/3
974,R,/997/8/567/688/695/315/453/322/345/974/,"Primary somatosensory area, mouth, layer 5",SSp-m5
975,R,/997/8/343/313/323/975/,Edinger-Westphal nucleus,EW
976,R,/997/8/512/528/645/920/976/,Lobule II,CENT2
977,R,/997/8/567/688/695/315/895/977/,Ectorhinal area/Layer 6a,ECT6a
978,R,/997/8/343/1065/354/370/938/978/,"Paragigantocellular reticular nucleus, lateral part",PGRNl
980,R,/997/8/343/1129/1097/467/980/,Dorsal premammillary nucleus,PMd
981,R,/997/8/567/688/695/315/453/322/329/981/,"Primary somatosensory area, barrel field, layer 1",SSp-bfd1
982,R,/997/8/567/688/695/1089/1080/982/,Fasciola cinerea,FC
984,R,/997/8/512/528/645/920/984/,Lobule III,CENT3
986,R,/997/1009/983/776/986/,"corpus callosum, splenium",ccs
988,R,/997/8/567/688/695/315/895/988/,Ectorhinal area/Layer 5,ECT5
989,R,/997/8/512/519/989/,Fastigial nucleus,FN
990,R,/997/8/567/688/695/315/247/1018/990/,"Ventral auditory area, layer 4",AUDv4
996,R,/997/8/567/688/695/315/95/104/996/,"Agranular insular area, dorsal part, layer 1",AId1
997,R,/997/,root,root
998,R,/997/8/567/623/477/493/998/,Fundus of striatum,FS
1004,R,/997/8/343/1129/1097/467/1004/,Ventral premammillary nucleus,PMv
1005,R,/997/8/567/688/695/315/247/1002/1005/,"Primary auditory area, layer 6b",AUDp6b
1006,R,/997/8/567/688/695/315/453/322/361/1006/,"Primary somatosensory area, trunk, layer 1",SSp-tr1
1007,R,/997/8/512/528/1073/1007/,Simple lobule,SIM
1009,R,/997/1009/,fiber tracts,fiber tracts
1010,R,/997/8/567/688/695/315/677/1010/,"Visceral area, layer 4",VISC4
1015,R,/997/8/567/688/695/315/31/39/1015/,"Anterior cingulate area, dorsal part, layer 5",ACAd5
1016,R,/997/1009/967/840/1016/,olfactory nerve layer of main olfactory bulb,onl
1020,R,/997/8/343/1129/549/856/138/1020/,Posterior complex of the thalamus,PO
1021,R,/997/8/567/688/695/315/500/993/1021/,"Secondary motor area, layer 6a",MOs6a
1022,R,/997/8/567/623/803/818/1022/,"Globus pallidus, external segment",GPe
1023,R,/997/8/567/688/695/315/247/1018/1023/,"Ventral auditory area, layer 5",AUDv5
1025,R,/997/8/512/528/1073/1025/,Paramedian lobule,PRM
1026,R,/997/8/567/688/695/315/453/322/369/1026/,"Primary somatosensory area, upper limb, layer 6b",SSp-ul6b
1029,R,/997/8/343/1129/549/856/138/1029/,Posterior limiting nucleus of the thalamus,POL
1030,R,/997/8/567/688/695/315/453/322/337/1030/,"Primary somatosensory area, lower limb, layer 1",SSp-ll1
1031,R,/997/8/567/623/803/818/1031/,"Globus pallidus, internal segment",GPi
1033,R,/997/8/512/528/1073/1033/,Copula pyramidis,COPY
1035,R,/997/8/567/688/695/315/453/378/1035/,"Supplemental somatosensory area, layer 4",SSs4
1037,R,/997/8/567/688/695/1089/822/1037/,Postsubiculum,POST
1038,R,/997/8/567/688/695/315/453/322/329/1038/,"Primary somatosensory area, barrel field, layer 6a",SSp-bfd6a
1039,R,/997/8/343/1065/354/386/720/1039/,Gracile nucleus,GR
1041,R,/997/8/512/528/1073/1041/,Paraflocculus,PFL
1043,R,/997/1009/1000/877/1043/,crossed tectospinal pathway,tspc
1044,R,/997/8/343/1129/549/864/1044/,Peripeduncular nucleus,PP
1045,R,/997/8/567/688/695/315/895/1045/,Ectorhinal area/Layer 6b,ECT6b
1046,R,/997/8/567/688/695/315/669/394/1046/,"Anteromedial visual area, layer 6a",VISam6a
1047,R,/997/8/567/688/695/315/453/322/329/1047/,"Primary somatosensory area, barrel field, layer 4",SSp-bfd4
1048,R,/997/8/343/1065/354/370/1048/,Gigantocellular reticular nucleus,GRN
1049,R,/997/8/512/528/1073/1049/,Flocculus,FL
1052,R,/997/8/343/313/348/1052/,Pedunculopontine nucleus,PPN
1054,R,/997/8/567/688/695/315/44/1054/,"Infralimbic area, layer 6a",ILA6a
1056,R,/997/8/512/528/1073/1017/1056/,Crus 1,ANcr1
1058,R,/997/8/567/688/695/315/677/1058/,"Visceral area, layer 5",VISC5
1060,R,/997/1009/1000/877/1060/,doral tegmental decussation,dtd
1061,R,/997/8/343/313/323/1100/1061/,Posterior pretectal nucleus,PPT
1062,R,/997/8/567/688/695/315/453/322/329/1062/,"Primary somatosensory area, barrel field, layer 6b",SSp-bfd6b
1064,R,/997/8/512/528/1073/1017/1064/,Crus 2,ANcr2
1066,R,/997/8/567/688/695/315/669/394/1066/,"Anteromedial visual area, layer 2/3",VISam2/3
1069,R,/997/8/343/1065/354/370/1069/,Parapyramidal nucleus,PPY
1070,R,/997/8/567/688/695/315/453/322/329/1070/,"Primary somatosensory area, barrel field, layer 5",SSp-bfd5
1072,R,/997/8/343/1129/549/864/1008/475/1072/,"Medial geniculate complex, dorsal part",MGd
1074,R,/997/8/567/688/695/315/669/402/1074/,"Anterolateral visual area, layer 1",VISal1
1077,R,/997/8/343/1129/549/856/444/1077/,Perireunensis nucleus,PR
1079,R,/997/8/343/1129/549/864/1008/475/1079/,"Medial geniculate complex, ventral part",MGv
1081,R,/997/8/567/688/695/315/44/1081/,"Infralimbic area, layer 6b",ILA6b
1084,R,/997/8/567/688/695/1089/822/1084/,Presubiculum,PRE
1085,R,/997/8/567/688/695/315/500/993/1085/,"Secondary motor area, layer 6b",MOs6b
1086,R,/997/8/567/688/695/315/453/322/361/1086/,"Primary somatosensory area, trunk, layer 4",SSp-tr4
1088,R,/997/8/343/1129/549/864/1008/475/1088/,"Medial geniculate complex, medial part",MGm
1089,R,/997/8/567/688/695/1089/,Hippocampal formation,HPF
1090,R,/997/8/567/688/695/315/453/378/1090/,"Supplemental somatosensory area, layer 5",SSs5
1091,R,/997/8/512/528/645/928/1091/,Lobules IV-V,"CUL4, 5"
1092,R,/997/1009/983/896/1092/,external medullary lamina of the thalamus,em
1093,R,/997/8/343/1065/771/987/1093/,"Pontine reticular nucleus, caudal part",PRNc
1094,R,/997/8/567/688/695/315/453/322/337/1094/,"Primary somatosensory area, lower limb, layer 4",SSp-ll4
1096,R,/997/8/343/1129/549/856/239/127/1096/,"Anteromedial nucleus, dorsal part",AMd
1097,R,/997/8/343/1129/1097/,Hypothalamus,HY
1098,R,/997/8/343/1065/354/370/395/1098/,"Medullary reticular nucleus, dorsal part",MDRNd
1101,R,/997/8/567/688/695/315/95/104/1101/,"Agranular insular area, dorsal part, layer 5",AId5
1102,R,/997/8/567/688/695/315/453/322/345/1102/,"Primary somatosensory area, mouth, layer 6a",SSp-m6a
1104,R,/997/8/343/1129/549/856/239/127/1104/,"Anteromedial nucleus, ventral part",AMv
1105,R,/997/8/567/623/477/278/1105/,Intercalated amygdalar nucleus,IA
1106,R,/997/8/567/688/695/315/677/1106/,"Visceral area, layer 2/3",VISC2/3
1107,R,/997/8/343/1065/354/370/395/1107/,"Medullary reticular nucleus, ventral part",MDRNv
1108,R,/997/1009/983/776/1108/,genu of corpus callosum,ccg
1109,R,/997/8/343/1129/1097/141/1109/,Parastrial nucleus,PS
1111,R,/997/8/567/688/695/315/453/322/361/1111/,"Primary somatosensory area, trunk, layer 5",SSp-tr5
1113,R,/997/8/343/1129/549/856/239/1113/,Interanterodorsal nucleus of the thalamus,IAD
1114,R,/997/8/567/688/695/315/669/402/1114/,"Anterolateral visual area, layer 4",VISal4
1116,R,/997/1009/967/798/1116/,genu of the facial nerve,gVIIn
1120,R,/997/8/343/1129/549/856/239/1120/,Interanteromedial nucleus of the thalamus,IAM
1121,R,/997/8/567/688/695/1089/822/909/918/1121/,"Entorhinal area, lateral part, layer 1",ENTl1
1123,R,/997/1009/960/752/1123/,inferior cerebellar peduncle,icp
1125,R,/997/8/567/688/695/315/714/746/1125/,"Orbital area, ventrolateral part, layer 5",ORBvl5
1126,R,/997/8/343/1129/1097/467/331/557/1126/,"Tuberomammillary nucleus, dorsal part",TMd
1127,R,/997/8/567/688/695/315/541/1127/,"Temporal association areas, layer 2/3",TEa2/3
1128,R,/997/8/567/688/695/315/453/322/337/1128/,"Primary somatosensory area, lower limb, layer 5",SSp-ll5
1139,R,/997/8/567/688/695/698/619/1139/,"Nucleus of the lateral olfactory tract, layer 3",NLOT3
1140,R,/997/8/343/1129/1097/1140/,Median eminence,ME
1141,R,/997/8/567/688/695/1089/1080/726/1141/,"Dentate gyrus, molecular layer",DG-mo
1142,R,/997/8/567/688/695/1089/1080/726/1142/,"Dentate gyrus, polymorph layer",DG-po
20001,L,/997/8/343/1129/1097/467/331/557/1/,"Tuberomammillary nucleus, ventral part",TMv
20002,L,/997/8/567/688/695/315/453/322/345/2/,"Primary somatosensory area, mouth, layer 6b",SSp-m6b
20006,L,/997/1009/983/784/6/,internal capsule,int
20007,L,/997/8/343/1065/771/1132/7/,Principal sensory nucleus of the trigeminal,PSV
20009,L,/997/8/567/688/695/315/453/322/361/9/,"Primary somatosensory area, trunk, layer 6a",SSp-tr6a
20010,L,/997/8/343/313/323/294/10/,"Superior colliculus, motor related, intermediate gray layer",SCig
20012,L,/997/8/343/313/348/165/12/,Interfascicular nucleus raphe,IF
20015,L,/997/8/343/1129/549/856/571/15/,Parataenial nucleus,PT
20017,L,/997/8/343/313/323/294/17/,"Superior colliculus, motor related, intermediate white layer",SCiw
20019,L,/997/8/567/688/695/1089/1080/19/,Induseum griseum,IG
20020,L,/997/8/567/688/695/1089/822/909/918/20/,"Entorhinal area, lateral part, layer 2",ENTl2
20022,L,/997/8/567/688/695/315/22/,Posterior parietal association areas,PTLp
20023,L,/997/8/567/623/477/278/23/,Anterior amygdalar area,AAA
20026,L,/997/8/343/313/323/294/26/,"Superior colliculus, motor related, deep gray layer",SCdg
20027,L,/997/8/343/1129/549/856/1014/27/,Intergeniculate leaflet of the lateral geniculate complex,IGL
20028,L,/997/8/567/688/695/1089/822/909/918/28/,"Entorhinal area, lateral part, layer 6a",ENTl6a
20030,L,/997/8/343/1129/1097/157/30/,"Periventricular hypothalamic nucleus, anterior part",PVa
20033,L,/997/8/567/688/695/315/669/385/33/,"Primary visual area, layer 6a",VISp6a
20035,L,/997/8/343/313/323/35/,Oculomotor nucleus,III
20036,L,/997/8/567/688/695/315/1057/36/,"Gustatory areas, layer 1",GU1
20038,L,/997/8/343/1129/1097/157/38/,Paraventricular hypothalamic nucleus,PVH
20041,L,/997/8/567/688/695/315/669/533/41/,"Posteromedial visual area, layer 2/3",VISpm2/3
20042,L,/997/8/343/313/323/294/42/,"Superior colliculus, motor related, deep white layer",SCdw
20050,L,/997/8/343/313/323/795/50/,Precommissural nucleus,PRC
20052,L,/997/8/567/688/695/1089/822/909/918/52/,"Entorhinal area, lateral part, layer 3",ENTl3
20054,L,/997/1009/991/824/54/,medial forebrain bundle,mfb
20056,L,/997/8/567/623/477/493/56/,Nucleus accumbens,ACB
20058,L,/997/8/343/313/323/58/,Medial terminal nucleus of the accessory optic tract,MT
20059,L,/997/8/343/1129/549/856/444/59/,Intermediodorsal nucleus of the thalamus,IMD
20062,L,/997/1009/967/832/62/,medial longitudinal fascicle,mlf
20063,L,/997/8/343/1129/1097/467/63/,"Paraventricular hypothalamic nucleus, descending division",PVHd
20064,L,/997/8/343/1129/549/856/239/64/,Anterodorsal nucleus,AD
20066,L,/997/8/343/313/323/66/,Lateral terminal nucleus of the accessory optic tract,LT
20067,L,/997/8/343/313/323/795/67/,Interstitial nucleus of Cajal,INC
20068,L,/997/8/567/688/695/315/184/68/,"Frontal pole, layer 1",FRP1
20072,L,/997/8/343/1129/1097/141/72/,Anterodorsal preoptic nucleus,ADP
20074,L,/997/8/567/688/695/315/669/409/74/,"Lateral visual area, layer 6a",VISl6a
20075,L,/997/8/343/313/323/75/,Dorsal terminal nucleus of the accessory optic tract,DT
20078,L,/997/1009/960/752/78/,middle cerebellar peduncle,mcp
20081,L,/997/73/81/,lateral ventricle,VL
20083,L,/997/8/343/1065/354/370/83/,Inferior olivary complex,IO
20084,L,/997/8/567/688/695/315/972/84/,"Prelimbic area, layer 6a",PL6a
20088,L,/997/8/343/1129/1097/467/88/,Anterior hypothalamic nucleus,AHN
20091,L,/997/8/512/519/91/,Interposed nucleus,IP
20093,L,/997/1009/967/901/93/,motor root of the trigeminal nerve,moV
20096,L,/997/8/343/1065/354/386/607/96/,Dorsal cochlear nucleus,DCO
20097,L,/997/8/567/688/695/315/541/97/,"Temporal association areas, layer 1",TEa1
20098,L,/997/73/81/98/,subependymal zone,SEZ
20100,L,/997/8/343/313/348/165/100/,Interpeduncular nucleus,IPN
20101,L,/997/8/343/1065/354/386/607/101/,Ventral cochlear nucleus,VCO
20102,L,/997/1009/1000/760/102/,nigrostriatal tract,nst
20105,L,/997/8/343/1065/771/1132/398/105/,"Superior olivary complex, medial part",SOCm
20106,L,/997/8/343/1065/354/370/106/,Inferior salivatory nucleus,ISN
20108,L,/997/73/81/108/,choroid plexus,chpl
20113,L,/997/8/567/688/695/315/453/322/337/113/,"Primary somatosensory area, lower limb, layer 2/3",SSp-ll2/3
20114,L,/997/8/343/1065/771/1132/398/114/,"Superior olivary complex, lateral part",SOCl
20115,L,/997/8/343/313/323/115/,Trochlear nucleus,IV
20117,L,/997/1009/967/848/117/,optic chiasm,och
20118,L,/997/8/343/1129/1097/157/118/,"Periventricular hypothalamic nucleus, intermediate part",PVi
20120,L,/997/8/567/688/695/315/95/111/120/,"Agranular insular area, posterior part, layer 1",AIp1
20121,L,/997/8/567/688/695/315/669/409/121/,"Lateral visual area, layer 6b",VISl6b
20122,L,/997/8/343/1065/771/1132/398/122/,"Superior olivary complex, periolivary region",POR
20123,L,/997/8/343/1065/771/1132/867/123/,Koelliker-Fuse subnucleus,KF
20125,L,/997/1009/967/848/125/,optic tract,opt
20126,L,/997/8/343/1129/1097/141/126/,"Periventricular hypothalamic nucleus, posterior part",PVp
20128,L,/997/8/343/313/323/128/,Midbrain reticular nucleus,MRN
20129,L,/997/73/129/,third ventricle,V3
20131,L,/997/8/567/688/703/131/,Lateral amygdalar nucleus,LA
20132,L,/997/8/567/688/695/315/972/132/,"Prelimbic area, layer 6b",PL6b
20133,L,/997/8/343/1129/1097/141/133/,"Periventricular hypothalamic nucleus, preoptic part",PVpo
20136,L,/997/8/343/1065/354/370/136/,Intermediate reticular nucleus,IRN
20139,L,/997/8/567/688/695/1089/822/909/918/139/,"Entorhinal area, lateral part, layer 5",ENTl5
20140,L,/997/73/140/,cerebral aqueduct,AQ
20143,L,/997/8/343/1065/354/370/135/143/,"Nucleus ambiguus, ventral division",AMBv
20145,L,/997/73/145/,fourth ventricle,V4
20146,L,/997/8/343/1065/771/1117/146/,Pontine reticular nucleus,PRNr
20147,L,/997/8/343/1065/771/1117/147/,Locus ceruleus,LC
20148,L,/997/8/567/688/695/315/1057/148/,"Gustatory areas, layer 4",GU4
20149,L,/997/8/343/1129/549/856/571/149/,Paraventricular nucleus of the thalamus,PVT
20153,L,/997/73/145/153/,lateral recess,V4r
20155,L,/997/8/343/1129/549/856/239/155/,Lateral dorsal nucleus of thalamus,LD
20156,L,/997/8/567/688/695/315/247/1011/156/,"Dorsal auditory area, layer 6a",AUDd6a
20158,L,/997/1009/967/832/158/,posterior commissure,pc
20159,L,/997/8/567/688/695/698/159/,Anterior olfactory nucleus,AON
20162,L,/997/8/343/1065/771/1117/162/,Laterodorsal tegmental nucleus,LDT
20163,L,/997/8/567/688/695/315/95/111/163/,"Agranular insular area, posterior part, layer 2/3",AIp2/3
20164,L,/997/73/164/,"central canal, spinal cord/medulla",c
20169,L,/997/8/343/1065/354/370/154/169/,Nucleus prepositus,PRP
20171,L,/997/8/567/688/695/315/972/171/,"Prelimbic area, layer 1",PL1
20173,L,/997/8/343/1129/1097/290/173/,Retrochiasmatic area,RCH
20177,L,/997/8/343/1065/354/370/154/177/,Nucleus of Roller,NR
20178,L,/997/8/343/1129/549/856/1014/178/,Ventral part of the lateral geniculate complex,LGv
20180,L,/997/8/567/688/695/315/1057/180/,"Gustatory areas, layer 2/3",GU2/3
20181,L,/997/8/343/1129/549/856/571/181/,Nucleus of reuniens,RE
20184,L,/997/8/567/688/695/315/184/,"Frontal pole, cerebral cortex",FRP
20186,L,/997/8/343/1129/549/856/958/186/,Lateral habenula,LH
20187,L,/997/8/567/688/695/315/1057/187/,"Gustatory areas, layer 5",GU5
20188,L,/997/8/567/688/695/698/151/188/,"Accessory olfactory bulb, glomerular layer",AOBgl
20189,L,/997/8/343/1129/549/856/51/189/,Rhomboid nucleus,RH
20190,L,/997/1009/983/784/190/,pyramid,py
20194,L,/997/8/343/1129/1097/290/194/,Lateral hypothalamic area,LHA
20196,L,/997/8/567/688/695/698/151/196/,"Accessory olfactory bulb, granular layer",AOBgr
20197,L,/997/8/343/313/348/165/197/,Rostral linear nucleus raphe,RL
20198,L,/997/1009/983/784/198/,pyramidal decussation,pyd
20201,L,/997/8/567/688/695/315/453/322/329/201/,"Primary somatosensory area, barrel field, layer 2/3",SSp-bfd2/3
20202,L,/997/8/343/1065/354/370/701/202/,Medial vestibular nucleus,MV
20203,L,/997/8/343/1065/354/370/203/,Linear nucleus of the medulla,LIN
20204,L,/997/8/567/688/695/698/151/204/,"Accessory olfactory bulb, mitral layer",AOBmi
20206,L,/997/8/343/1065/354/379/206/,Nucleus raphe magnus,RM
20207,L,/997/8/343/1065/354/386/207/,Area postrema,AP
20209,L,/997/8/343/1065/354/370/701/209/,Lateral vestibular nucleus,LAV
20210,L,/997/8/343/1129/1097/467/331/210/,Lateral mammillary nucleus,LM
20211,L,/997/8/567/688/695/315/31/39/211/,"Anterior cingulate area, dorsal part, layer 2/3",ACAd2/3
20214,L,/997/8/343/313/323/214/,Red nucleus,RN
20215,L,/997/8/343/313/323/1100/215/,Anterior pretectal nucleus,APN
20217,L,/997/8/343/1065/354/370/701/217/,Superior vestibular nucleus,SUV
20218,L,/997/8/343/1129/549/856/138/218/,Lateral posterior nucleus of the thalamus,LP
20222,L,/997/8/343/1065/354/379/222/,Nucleus raphe obscurus,RO
20223,L,/997/8/343/1129/1097/157/223/,Arcuate hypothalamic nucleus,ARH
20225,L,/997/8/343/1065/354/370/701/225/,Spinal vestibular nucleus,SPIV
20226,L,/997/8/343/1129/1097/290/226/,Lateral preoptic area,LPO
20229,L,/997/1009/967/901/229/,sensory root of the trigeminal nerve,sV
20230,L,/997/8/343/1065/354/379/230/,Nucleus raphe pallidus,RPA
20231,L,/997/8/343/313/323/231/,Anterior tegmental nucleus,AT
20233,L,/997/8/567/688/695/315/669/402/233/,"Anterolateral visual area, layer 5",VISal5
20234,L,/997/8/567/688/695/315/541/234/,"Temporal association areas, layer 4",TEa4
20237,L,/997/1009/967/917/237/,solitary tract,ts
20238,L,/997/8/343/1065/771/1117/238/,Nucleus raphe pontis,RPO
20243,L,/997/8/567/688/695/315/247/1011/243/,"Dorsal auditory area, layer 6b",AUDd6b
20246,L,/997/8/343/313/323/246/,"Midbrain reticular nucleus, retrorubral area",RR
20249,L,/997/8/567/688/695/315/247/1027/249/,"Posterior auditory area, layer 6a",AUDpo6a
20250,L,/997/8/567/623/477/275/242/250/,"Lateral septal nucleus, caudal (caudodorsal) part",LSc
20251,L,/997/8/567/688/695/315/247/1002/251/,"Primary auditory area, layer 2/3",AUDp2/3
20252,L,/997/8/567/688/695/315/247/1011/252/,"Dorsal auditory area, layer 5",AUDd5
20255,L,/997/8/343/1129/549/856/239/255/,Anteroventral nucleus of thalamus,AV
20257,L,/997/8/567/688/695/315/669/533/257/,"Posteromedial visual area, layer 6a",VISpm6a
20258,L,/997/8/567/623/477/275/242/258/,"Lateral septal nucleus, rostral (rostroventral) part",LSr
20260,L,/997/8/567/688/695/698/619/260/,"Nucleus of the lateral olfactory tract, molecular layer",NLOT1
20262,L,/997/8/343/1129/549/856/262/,Reticular nucleus of the thalamus,RT
20263,L,/997/8/343/1129/1097/141/263/,Anteroventral preoptic nucleus,AVP
20266,L,/997/8/567/623/477/275/242/266/,"Lateral septal nucleus, ventral part",LSv
20268,L,/997/8/567/688/695/698/619/268/,"Nucleus of the lateral olfactory tract, pyramidal layer",NLOT2
20269,L,/997/8/567/688/695/315/669/425/269/,"Posterolateral visual area, layer 2/3",VISpl2/3
20271,L,/997/8/343/313/339/271/,Nucleus sagulum,SAG
20272,L,/997/8/343/1129/1097/141/272/,Anteroventral periventricular nucleus,AVPV
20274,L,/997/8/567/688/695/315/254/879/274/,"Retrosplenial area, dorsal part, layer 6a",RSPd6a
20279,L,/997/8/567/688/695/315/254/894/279/,"Retrosplenial area, lateral agranular part, layer 6b",RSPagl6b
20280,L,/997/8/343/1065/771/987/280/,Barrington's nucleus,B
20281,L,/997/8/567/688/695/315/669/394/281/,"Anteromedial visual area, layer 1",VISam1
20286,L,/997/8/343/1129/1097/141/286/,Suprachiasmatic nucleus,SCH
20287,L,/997/8/567/623/803/809/287/,Bed nucleus of the anterior commissure,BAC
20288,L,/997/8/567/688/695/315/714/746/288/,"Orbital area, ventrolateral part, layer 2/3",ORBvl2/3
20289,L,/997/8/567/688/695/315/541/289/,"Temporal association areas, layer 5",TEa5
20292,L,/997/8/567/623/477/278/292/,Bed nucleus of the accessory olfactory tract,BA
20296,L,/997/8/567/688/695/315/31/48/296/,"Anterior cingulate area, ventral part, layer 2/3",ACAv2/3
20298,L,/997/8/567/623/803/835/298/,Magnocellular nucleus,MA
20301,L,/997/1009/991/768/301/,stria terminalis,st
20303,L,/997/8/567/688/703/295/303/,"Basolateral amygdalar nucleus, anterior part",BLAa
20304,L,/997/8/567/688/695/315/972/304/,"Prelimbic area, layer 2/3",PL2/3
20305,L,/997/8/567/688/695/315/669/385/305/,"Primary visual area, layer 6b",VISp6b
20307,L,/997/8/343/1065/354/370/307/,Magnocellular reticular nucleus,MARN
20310,L,/997/8/567/623/477/275/310/,Septofimbrial nucleus,SF
20311,L,/997/8/567/688/703/295/311/,"Basolateral amygdalar nucleus, posterior part",BLAp
20313,L,/997/8/343/313/,Midbrain,MB
20314,L,/997/8/567/688/695/315/95/111/314/,"Agranular insular area, posterior part, layer 6a",AIp6a
20318,L,/997/8/343/1065/771/987/318/,Supragenual nucleus,SG
20320,L,/997/8/567/688/695/315/500/985/320/,"Primary motor area, Layer 1",MOp1
20321,L,/997/8/343/1129/549/856/1014/321/,Subgeniculate nucleus,SubG
20325,L,/997/8/343/1129/549/856/138/325/,Suprageniculate nucleus,SGN
20326,L,/997/1009/960/752/326/,superior cerebelar peduncles,scp
20327,L,/997/8/567/688/703/319/327/,"Basomedial amygdalar nucleus, anterior part",BMAa
20328,L,/997/8/567/688/695/315/95/104/328/,"Agranular insular area, dorsal part, layer 2/3",AId2/3
20329,L,/997/8/567/688/695/315/453/322/329/,"Primary somatosensory area, barrel field",SSp-bfd
20330,L,/997/8/567/688/695/315/254/879/330/,"Retrosplenial area, dorsal part, layer 6b",RSPd6b
20332,L,/997/8/343/1129/1097/157/332/,Accessory supraoptic group,ASO
20333,L,/997/8/567/623/477/275/333/,Septohippocampal nucleus,SH
20334,L,/997/8/567/688/703/319/334/,"Basomedial amygdalar nucleus, posterior part",BMAp
20335,L,/997/8/567/688/695/315/922/335/,"Perirhinal area, layer 6a",PERI6a
20336,L,/997/1009/967/848/336/,superior colliculus commissure,csc
20338,L,/997/8/343/1129/1097/141/338/,Subfornical organ,SFO
20342,L,/997/8/567/623/803/835/342/,Substantia innominata,SI
20344,L,/997/8/567/688/695/315/95/111/344/,"Agranular insular area, posterior part, layer 5",AIp5
20347,L,/997/8/343/1129/1097/141/347/,Subparaventricular zone,SBPV
20349,L,/997/1009/991/824/349/,supraoptic commissures,sup
20350,L,/997/8/343/1065/771/1117/350/,Subceruleus nucleus,SLC
20351,L,/997/8/567/623/803/809/351/,Bed nuclei of the stria terminalis,BST
20354,L,/997/8/343/1065/354/,Medulla,MY
20355,L,/997/8/567/688/695/315/95/111/355/,"Agranular insular area, posterior part, layer 6b",AIp6b
20356,L,/997/8/343/1129/1097/290/356/,Preparasubthalamic nucleus,PST
20358,L,/997/8/343/1065/771/1117/358/,Sublaterodorsal nucleus,SLD
20362,L,/997/8/343/1129/549/856/444/362/,Mediodorsal nucleus of thalamus,MD
20363,L,/997/8/567/688/695/315/972/363/,"Prelimbic area, layer 5",PL5
20364,L,/997/8/343/1129/1097/290/364/,Parasubthalamic nucleus,PSTN
20366,L,/997/8/343/1129/549/856/444/366/,Submedial nucleus of the thalamus,SMT
20368,L,/997/8/567/688/695/315/922/368/,"Perirhinal area, layer 6b",PERI6b
20372,L,/997/8/343/1065/354/370/372/,Infracerebellar nucleus,ICB
20374,L,/997/8/343/313/348/374/,"Substantia nigra, compact part",SNc
20377,L,/997/8/567/688/695/315/669/425/377/,"Posterolateral visual area, layer 6a",VISpl6a
20380,L,/997/1009/967/792/932/514/380/,cuneate fascicle,cuf
20381,L,/997/8/343/313/323/381/,"Substantia nigra, reticular part",SNr
20382,L,/997/8/567/688/695/1089/1080/375/382/,Field CA1,CA1
20390,L,/997/8/343/1129/1097/157/390/,Supraoptic nucleus,SO
20393,L,/997/8/567/688/695/315/669/425/393/,"Posterolateral visual area, layer 6b",VISpl6b
20397,L,/997/1009/1000/863/397/,ventral tegmental decussation,vtd
20401,L,/997/8/567/688/695/315/669/394/401/,"Anteromedial visual area, layer 4",VISam4
20403,L,/997/8/567/623/477/278/403/,Medial amygdalar nucleus,MEA
20412,L,/997/8/567/688/695/315/714/723/412/,"Orbital area, lateral part, layer 2/3",ORBl2/3
20413,L,/997/1009/967/933/413/,vestibular nerve,vVIIIn
20414,L,/997/8/343/1129/549/864/406/414/,"Subparafascicular nucleus, magnocellular part",SPFm
20421,L,/997/8/567/688/695/315/669/409/421/,"Lateral visual area, layer 1",VISl1
20422,L,/997/8/343/1129/549/864/406/422/,"Subparafascicular nucleus, parvicellular part",SPFp
20423,L,/997/8/567/688/695/1089/1080/375/423/,Field CA2,CA2
20427,L,/997/8/567/688/695/315/895/427/,Ectorhinal area/Layer 2/3,ECT2/3
20428,L,/997/1009/991/768/1099/737/428/,medial corticohypothalamic tract,mct
20429,L,/997/8/343/1065/354/386/429/,"Spinal nucleus of the trigeminal, caudal part",SPVC
20430,L,/997/8/567/688/695/315/254/886/430/,"Retrosplenial area, ventral part, layer 2/3",RSPv2/3
20433,L,/997/8/567/688/695/315/669/394/433/,"Anteromedial visual area, layer 5",VISam5
20434,L,/997/8/567/688/695/315/254/879/434/,"Retrosplenial area, dorsal part, layer 2/3",RSPd2/3
20436,L,/997/1009/991/768/1099/737/436/,columns of the fornix,fx
20437,L,/997/8/343/1065/354/386/437/,"Spinal nucleus of the trigeminal, interpolar part",SPVI
20440,L,/997/8/567/688/695/315/714/723/440/,"Orbital area, lateral part, layer 6a",ORBl6a
20441,L,/997/8/567/688/695/315/669/394/441/,"Anteromedial visual area, layer 6b",VISam6b
20442,L,/997/8/567/688/695/315/254/879/442/,"Retrosplenial area, dorsal part, layer 1",RSPd1
20443,L,/997/1009/991/768/1099/618/443/,dorsal hippocampal commissure,dhc
20445,L,/997/8/343/1065/354/386/445/,"Spinal nucleus of the trigeminal, oral part",SPVO
20448,L,/997/8/567/688/695/315/714/723/448/,"Orbital area, lateral part, layer 1",ORBl1
20449,L,/997/1009/991/768/1099/618/449/,ventral hippocampal commissure,vhc
20450,L,/997/8/567/688/695/315/453/322/369/450/,"Primary somatosensory area, upper limb, layer 1",SSp-ul1
20451,L,/997/8/567/688/703/295/451/,"Basolateral amygdalar nucleus, ventral part",BLAv
20452,L,/997/8/343/1129/1097/141/452/,Median preoptic nucleus,MEPO
20456,L,/997/8/567/688/695/315/247/1027/456/,"Posterior auditory area, layer 6b",AUDpo6b
20460,L,/997/8/343/313/339/460/,Midbrain trigeminal nucleus,MEV
20461,L,/997/8/567/688/695/315/453/322/361/461/,"Primary somatosensory area, trunk, layer 6b",SSp-tr6b
20463,L,/997/8/567/688/695/1089/1080/375/463/,Field CA3,CA3
20466,L,/997/1009/991/768/1099/466/,alveus,alv
20469,L,/997/8/567/688/695/315/669/533/469/,"Posteromedial visual area, layer 6b",VISpm6b
20470,L,/997/8/343/1129/1097/290/470/,Subthalamic nucleus,STN
20477,L,/997/8/567/623/477/,Striatum,STR
20478,L,/997/8/567/688/695/315/453/322/337/478/,"Primary somatosensory area, lower limb, layer 6a",SSp-ll6a
20482,L,/997/1009/967/933/948/482/,brachium of the inferior colliculus,bic
20483,L,/997/8/343/1129/549/856/958/483/,Medial habenula,MH
20484,L,/997/8/567/688/695/315/714/731/484/,"Orbital area, medial part, layer 1",ORBm1
20488,L,/997/8/567/688/695/315/714/723/488/,"Orbital area, lateral part, layer 6b",ORBl6b
20501,L,/997/8/567/688/695/315/669/533/501/,"Posteromedial visual area, layer 4",VISpm4
20502,L,/997/8/567/688/695/1089/822/502/,Subiculum,SUB
20506,L,/997/1009/967/933/948/506/,dorsal acoustic stria,das
20507,L,/997/8/567/688/695/698/507/,Main olfactory bulb,MOB
20510,L,/997/8/567/688/695/315/453/322/337/510/,"Primary somatosensory area, lower limb, layer 6b",SSp-ll6b
20512,L,/997/8/512/,Cerebellum,CB
20515,L,/997/8/343/1129/1097/467/515/,Medial preoptic nucleus,MPN
20520,L,/997/8/567/688/695/315/247/1018/520/,"Ventral auditory area, layer 6a",AUDv6a
20523,L,/997/8/343/1129/1097/141/523/,Medial preoptic area,MPO
20525,L,/997/8/343/1129/1097/467/331/525/,Supramammillary nucleus,SUM
20526,L,/997/8/567/688/695/1089/822/909/926/526/,"Entorhinal area, medial part, dorsal zone, layer 1",ENTm1
20527,L,/997/8/567/688/695/315/247/1011/527/,"Dorsal auditory area, layer 1",AUDd1
20530,L,/997/1009/991/768/1099/530/,dorsal fornix,df
20531,L,/997/8/343/313/323/1100/531/,Medial pretectal area,MPT
20534,L,/997/8/343/1065/771/987/534/,Supratrigeminal nucleus,SUT
20538,L,/997/1009/967/840/21/538/,dorsal limb,lotd
20540,L,/997/8/567/688/695/315/922/540/,"Perirhinal area, layer 1",PERI1
20542,L,/997/8/567/688/695/315/254/886/542/,"Retrosplenial area, ventral part, layer 1",RSPv1
20543,L,/997/8/567/688/695/1089/822/909/926/543/,"Entorhinal area, medial part, dorsal zone, layer 2",ENTm2
20544,L,/997/8/567/623/477/278/536/544/,"Central amygdalar nucleus, capsular part",CEAc
20549,L,/997/8/343/1129/549/,Thalamus,TH
20551,L,/997/8/567/623/477/278/536/551/,"Central amygdalar nucleus, lateral part",CEAl
20553,L,/997/1009/960/752/1123/553/,dorsal spinocerebellar tract,sctd
20556,L,/997/8/567/688/695/315/44/556/,"Infralimbic area, layer 2/3",ILA2/3
20558,L,/997/8/567/688/695/315/453/322/353/558/,"Primary somatosensory area, nose, layer 1",SSp-n1
20559,L,/997/8/567/623/477/278/536/559/,"Central amygdalar nucleus, medial part",CEAm
20564,L,/997/8/567/623/803/826/904/564/,Medial septal nucleus,MS
20565,L,/997/8/567/688/695/315/669/533/565/,"Posteromedial visual area, layer 5",VISpm5
20566,L,/997/8/567/688/695/698/566/,Postpiriform transition area,TR
20573,L,/997/8/567/688/695/315/669/409/573/,"Lateral visual area, layer 4",VISl4
20574,L,/997/8/343/1065/771/987/574/,Tegmental reticular nucleus,TRN
20575,L,/997/8/343/1129/549/856/51/575/,Central lateral nucleus of the thalamus,CL
20576,L,/997/8/343/1065/354/370/576/,Accessory facial motor nucleus,ACVII
20577,L,/997/8/567/688/695/315/453/322/369/577/,"Primary somatosensory area, upper limb, layer 4",SSp-ul4
20579,L,/997/1009/983/776/956/579/,external capsule,ec
20580,L,/997/8/343/313/339/580/,Nucleus of the brachium of the inferior colliculus,NB
20581,L,/997/8/567/623/803/826/581/,Triangular nucleus of septum,TRS
20582,L,/997/8/567/688/695/315/714/731/582/,"Orbital area, medial part, layer 2/3",ORBm2/3
20583,L,/997/8/567/688/703/583/,Claustrum,CLA
20587,L,/997/8/343/313/323/795/587/,Nucleus of Darkschewitsch,ND
20588,L,/997/8/567/688/695/315/31/48/588/,"Anterior cingulate area, ventral part, layer 1",ACAv1
20590,L,/997/8/567/688/695/315/254/886/590/,"Retrosplenial area, ventral part, layer 6a",RSPv6a
20591,L,/997/8/343/313/348/165/591/,Central linear nucleus raphe,CLI
20593,L,/997/8/567/688/695/315/669/385/593/,"Primary visual area, layer 1",VISp1
20595,L,/997/1009/991/824/1083/595/,fasciculus retroflexus,fr
20596,L,/997/8/567/623/803/826/904/596/,Diagonal band nucleus,NDB
20597,L,/997/8/567/688/695/698/589/597/,"Taenia tecta, dorsal part",TTd
20598,L,/997/8/567/688/695/315/247/1018/598/,"Ventral auditory area, layer 6b",AUDv6b
20599,L,/997/8/343/1129/549/856/51/599/,Central medial nucleus of the thalamus,CM
20600,L,/997/8/567/688/695/315/247/1011/600/,"Dorsal auditory area, layer 2/3",AUDd2/3
20601,L,/997/8/567/688/695/315/669/402/601/,"Anterolateral visual area, layer 6a",VISal6a
20603,L,/997/1009/991/768/1099/603/,fimbria,fi
20604,L,/997/8/343/1065/771/1117/604/,Nucleus incertus,NI
20605,L,/997/8/567/688/695/698/589/605/,"Taenia tecta, ventral part",TTv
20608,L,/997/8/567/688/695/315/714/746/608/,"Orbital area, ventrolateral part, layer 6a",ORBvl6a
20609,L,/997/8/343/1129/549/864/609/,Subparafascicular area,SPA
20610,L,/997/8/567/688/695/315/254/879/610/,"Retrosplenial area, dorsal part, layer 5",RSPd5
20611,L,/997/1009/991/824/1083/611/,habenular commissure,hbc
20612,L,/997/8/343/1065/771/1132/612/,Nucleus of the lateral lemniscus,NLL
20613,L,/997/8/567/688/695/315/669/409/613/,"Lateral visual area, layer 5",VISl5
20614,L,/997/8/343/1129/1097/290/614/,Tuberal nucleus,TU
20616,L,/997/8/343/313/323/616/,Cuneiform nucleus,CUN
20620,L,/997/8/567/688/695/315/714/731/620/,"Orbital area, medial part, layer 5",ORBm5
20621,L,/997/8/343/1065/771/987/621/,Motor nucleus of trigeminal,V
20622,L,/997/8/567/688/695/315/254/886/622/,"Retrosplenial area, ventral part, layer 6b",RSPv6b
20625,L,/997/8/567/688/695/315/453/322/369/625/,"Primary somatosensory area, upper limb, layer 5",SSp-ul5
20628,L,/997/8/343/313/323/1100/628/,Nucleus of the optic tract,NOT
20629,L,/997/8/343/1129/549/864/637/629/,Ventral anterior-lateral complex of the thalamus,VAL
20630,L,/997/8/567/688/695/315/714/723/630/,"Orbital area, lateral part, layer 5",ORBl5
20632,L,/997/8/567/688/695/1089/1080/726/632/,"Dentate gyrus, granule cell layer",DG-sg
20633,L,/997/1009/967/933/948/633/,inferior colliculus commissure,cic
20634,L,/997/8/343/313/323/1100/634/,Nucleus of the posterior commissure,NPC
20638,L,/997/8/567/688/695/315/1057/638/,"Gustatory areas, layer 6a",GU6a
20639,L,/997/8/567/688/695/698/631/639/,"Cortical amygdalar area, anterior part",COAa
20642,L,/997/8/343/1065/354/386/642/,Nucleus of the trapezoid body,NTB
20643,L,/997/8/567/688/695/315/247/1027/643/,"Posterior auditory area, layer 2/3",AUDpo2/3
20648,L,/997/8/567/688/695/315/500/985/648/,"Primary motor area, Layer 5",MOp5
20649,L,/997/8/567/688/695/315/669/402/649/,"Anterolateral visual area, layer 6b",VISal6b
20651,L,/997/8/343/1065/354/386/651/,Nucleus of the solitary tract,NTS
20653,L,/997/8/343/1065/354/370/653/,Abducens nucleus,VI
20654,L,/997/8/567/688/695/315/453/322/353/654/,"Primary somatosensory area, nose, layer 4",SSp-n4
20655,L,/997/8/567/688/695/698/631/647/655/,"Cortical amygdalar area, posterior part, lateral zone",COApl
20656,L,/997/8/567/688/695/315/500/993/656/,"Secondary motor area, layer 1",MOs1
20657,L,/997/8/567/688/695/315/453/322/345/657/,"Primary somatosensory area, mouth, layer 2/3",SSp-m2/3
20658,L,/997/1009/967/933/948/658/,lateral lemniscus,ll
20661,L,/997/8/343/1065/354/370/661/,Facial motor nucleus,VII
20662,L,/997/8/567/688/695/315/1057/662/,"Gustatory areas, layer 6b",GU6b
20663,L,/997/8/567/688/695/698/631/647/663/,"Cortical amygdalar area, posterior part, medial zone",COApm
20664,L,/997/8/567/688/695/1089/822/909/926/664/,"Entorhinal area, medial part, dorsal zone, layer 3",ENTm3
20665,L,/997/1009/967/840/21/665/,"lateral olfactory tract, body",lot
20667,L,/997/8/567/688/695/315/184/667/,"Frontal pole, layer 2/3",FRP2/3
20670,L,/997/8/567/688/695/315/453/322/361/670/,"Primary somatosensory area, trunk, layer 2/3",SSp-tr2/3
20671,L,/997/8/567/688/695/315/254/894/671/,"Retrosplenial area, lateral agranular part, layer 1",RSPagl1
20672,L,/997/8/567/623/477/485/672/,Caudoputamen,CP
20673,L,/997/1009/991/824/46/673/,mammillary peduncle,mp
20675,L,/997/8/567/688/695/315/95/119/675/,"Agranular insular area, ventral part, layer 6a",AIv6a
20678,L,/997/8/567/688/695/315/247/1011/678/,"Dorsal auditory area, layer 4",AUDd4
20679,L,/997/8/343/1065/771/1117/679/,Superior central nucleus raphe,CS
20680,L,/997/8/567/688/695/315/714/746/680/,"Orbital area, ventrolateral part, layer 6b",ORBvl6b
20681,L,/997/1009/991/824/46/681/,mammillotegmental tract,mtg
20685,L,/997/8/343/1129/549/864/637/685/,Ventral medial nucleus of the thalamus,VM
20687,L,/997/8/567/688/695/315/254/886/687/,"Retrosplenial area, ventral part, layer 5",RSPv5
20689,L,/997/8/343/1129/1097/141/689/,Ventrolateral preoptic nucleus,VLPO
20690,L,/997/1009/991/824/46/690/,mammillothalamic tract,mtt
20692,L,/997/8/567/688/695/315/922/692/,"Perirhinal area, layer 5",PERI5
20693,L,/997/8/343/1129/1097/467/693/,Ventromedial hypothalamic nucleus,VMH
20694,L,/997/8/567/688/695/315/95/119/694/,"Agranular insular area, ventral part, layer 2/3",AIv2/3
20696,L,/997/8/567/688/695/315/247/1027/696/,"Posterior auditory area, layer 1",AUDpo1
20697,L,/997/1009/967/792/932/697/,medial lemniscus,ml
20698,L,/997/8/567/688/695/698/,Olfactory areas,OLF
20699,L,/997/8/567/688/695/315/95/119/699/,"Agranular insular area, ventral part, layer 6b",AIv6b
20702,L,/997/8/567/688/695/315/453/322/353/702/,"Primary somatosensory area, nose, layer 5",SSp-n5
20703,L,/997/8/567/688/703/,Cortical subplate,CTXsp
20704,L,/997/8/567/688/695/315/95/119/704/,"Agranular insular area, ventral part, layer 1",AIv1
20706,L,/997/8/343/313/323/1100/706/,Olivary pretectal nucleus,OP
20707,L,/997/8/567/688/695/315/44/707/,"Infralimbic area, layer 1",ILA1
20711,L,/997/8/343/1065/354/386/720/711/,Cuneate nucleus,CU
20718,L,/997/8/343/1129/549/864/637/709/718/,Ventral posterolateral nucleus of the thalamus,VPL
20721,L,/997/8/567/688/695/315/669/385/721/,"Primary visual area, layer 4",VISp4
20725,L,/997/8/343/1129/549/864/637/709/725/,"Ventral posterolateral nucleus of the thalamus, parvicellular part",VPLpc
20727,L,/997/8/567/688/695/1089/822/909/926/727/,"Entorhinal area, medial part, dorsal zone, layer 5",ENTm5
20728,L,/997/1009/960/728/,arbor vitae,arb
20729,L,/997/8/567/688/695/315/541/729/,"Temporal association areas, layer 6a",TEa6a
20732,L,/997/8/343/1129/1097/467/331/491/732/,"Medial mammillary nucleus, median part",Mmme
20733,L,/997/8/343/1129/549/864/637/709/733/,Ventral posteromedial nucleus of the thalamus,VPM
20735,L,/997/8/567/688/695/315/247/1002/735/,"Primary auditory area, layer 1",AUDp1
20741,L,/997/8/343/1129/549/864/637/709/741/,"Ventral posteromedial nucleus of the thalamus, parvicellular part",VPMpc
20743,L,/997/8/567/688/695/1089/822/909/926/743/,"Entorhinal area, medial part, dorsal zone, layer 6",ENTm6
20744,L,/997/1009/960/744/,cerebellar commissure,cbc
20749,L,/997/8/343/313/323/749/,Ventral tegmental area,VTA
20750,L,/997/8/567/688/695/315/669/425/750/,"Posterolateral visual area, layer 1",VISpl1
20753,L,/997/1009/991/824/46/753/,principal mammillary tract,pm
20754,L,/997/8/567/623/477/493/754/,Olfactory tubercle,OT
20755,L,/997/8/567/688/695/315/247/1018/755/,"Ventral auditory area, layer 2/3",AUDv2/3
20757,L,/997/8/343/313/323/757/,Ventral tegmental nucleus,VTN
20759,L,/997/8/567/688/695/315/247/1027/759/,"Posterior auditory area, layer 4",AUDpo4
20763,L,/997/8/343/1129/1097/141/763/,Vascular organ of the lamina terminalis,OV
20765,L,/997/8/343/1065/354/370/765/,Nucleus x,x
20767,L,/997/8/567/688/695/315/500/993/767/,"Secondary motor area, layer 5",MOs5
20771,L,/997/8/343/1065/771/,Pons,P
20772,L,/997/8/567/688/695/315/31/48/772/,"Anterior cingulate area, ventral part, layer 5",ACAv5
20773,L,/997/8/343/1065/354/370/773/,Hypoglossal nucleus,XII
20774,L,/997/8/567/688/695/315/254/894/774/,"Retrosplenial area, lateral agranular part, layer 5",RSPagl5
20776,L,/997/1009/983/776/,corpus callosum,cc
20778,L,/997/8/567/688/695/315/669/385/778/,"Primary visual area, layer 5",VISp5
20780,L,/997/8/567/688/703/780/,Posterior amygdalar nucleus,PA
20781,L,/997/8/343/1065/354/370/781/,Nucleus y,y
20783,L,/997/8/567/688/695/315/95/104/783/,"Agranular insular area, dorsal part, layer 6a",AId6a
20784,L,/997/1009/983/784/,corticospinal tract,cst
20786,L,/997/8/567/688/695/315/541/786/,"Temporal association areas, layer 6b",TEa6b
20788,L,/997/8/567/688/695/698/788/,Piriform-amygdalar area,PAA
20791,L,/997/8/567/688/695/315/247/1027/791/,"Posterior auditory area, layer 5",AUDpo5
20794,L,/997/1009/967/901/229/794/,spinal tract of the trigeminal nerve,sptV
20795,L,/997/8/343/313/323/795/,Periaqueductal gray,PAG
20797,L,/997/8/343/1129/1097/290/797/,Zona incerta,ZI
20798,L,/997/1009/967/798/,facial nerve,VIIn
20800,L,/997/8/567/688/695/315/95/119/800/,"Agranular insular area, ventral part, layer 5",AIv5
20802,L,/997/1009/991/824/1083/802/,stria medullaris,sm
20803,L,/997/8/567/623/803/,Pallidum,PAL
20804,L,/997/8/343/1129/1097/290/797/804/,Fields of Forel,FF
20805,L,/997/8/567/688/695/315/669/533/805/,"Posteromedial visual area, layer 1",VISpm1
20806,L,/997/8/567/688/695/315/453/378/806/,"Supplemental somatosensory area, layer 2/3",SSs2/3
20810,L,/997/8/567/688/695/315/31/48/810/,"Anterior cingulate area, ventral part, 6a",ACAv6a
20811,L,/997/8/343/313/339/4/811/,"Inferior colliculus, central nucleus",ICc
20812,L,/997/1009/960/752/326/812/,superior cerebellar peduncle decussation,dscp
20814,L,/997/8/567/688/695/698/814/,Dorsal peduncular area,DP
20816,L,/997/8/567/688/695/315/247/1002/816/,"Primary auditory area, layer 4",AUDp4
20819,L,/997/8/567/688/695/315/31/48/819/,"Anterior cingulate area, ventral part, 6b",ACAv6b
20820,L,/997/8/343/313/339/4/820/,"Inferior colliculus, dorsal nucleus",ICd
20821,L,/997/8/567/688/695/315/669/385/821/,"Primary visual area, layer 2/3",VISp2/3
20827,L,/997/8/567/688/695/315/44/827/,"Infralimbic area, layer 5",ILA5
20828,L,/997/8/343/313/339/4/828/,"Inferior colliculus, external nucleus",ICe
20830,L,/997/8/343/1129/1097/141/830/,Dorsomedial nucleus of the hypothalamus,DMH
20831,L,/997/8/567/688/695/315/95/104/831/,"Agranular insular area, dorsal part, layer 6b",AId6b
20832,L,/997/1009/967/832/,oculomotor nerve,IIIn
20834,L,/997/8/343/313/339/302/834/,"Superior colliculus, zonal layer",SCzo
20836,L,/997/8/567/688/695/315/895/836/,Ectorhinal area/Layer 1,ECT1
20838,L,/997/8/567/688/695/315/453/322/353/838/,"Primary somatosensory area, nose, layer 2/3",SSp-n2/3
20839,L,/997/8/343/1065/354/370/839/,Dorsal motor nucleus of the vagus nerve,DMX
20841,L,/997/1009/967/933/948/841/,trapezoid body,tb
20842,L,/997/8/343/313/339/302/842/,"Superior colliculus, superficial gray layer",SCsg
20843,L,/997/8/567/688/695/1089/822/843/,Parasubiculum,PAR
20844,L,/997/8/567/688/695/315/500/985/844/,"Primary motor area, Layer 6a",MOp6a
20846,L,/997/8/512/519/846/,Dentate nucleus,DN
20847,L,/997/8/567/688/695/315/247/1002/847/,"Primary auditory area, layer 5",AUDp5
20849,L,/997/8/567/688/695/315/677/849/,"Visceral area, layer 6b",VISC6b
20850,L,/997/1009/960/752/326/850/,uncinate fascicle,uf
20851,L,/997/8/343/313/339/302/851/,"Superior colliculus, optic layer",SCop
20852,L,/997/8/343/1065/354/370/852/,Parvicellular reticular nucleus,PARN
20854,L,/997/8/567/688/695/315/453/322/369/854/,"Primary somatosensory area, upper limb, layer 2/3",SSp-ul2/3
20857,L,/997/8/567/688/695/315/677/857/,"Visceral area, layer 6a",VISC6a
20859,L,/997/8/343/1065/354/370/859/,Parasolitary nucleus,PAS
20862,L,/997/8/567/688/695/315/453/378/862/,"Supplemental somatosensory area, layer 6a",SSs6a
20863,L,/997/1009/1000/863/,rubrospinal tract,rust
20866,L,/997/1009/960/752/326/866/,ventral spinocerebellar tract,sctv
20867,L,/997/8/343/1065/771/1132/867/,Parabrachial nucleus,PB
20869,L,/997/8/567/688/695/315/669/425/869/,"Posterolateral visual area, layer 4",VISpl4
20872,L,/997/8/343/313/348/165/872/,Dorsal nucleus raphe,DR
20873,L,/997/8/567/688/695/315/453/378/873/,"Supplemental somatosensory area, layer 1",SSs1
20874,L,/997/8/343/313/339/874/,Parabigeminal nucleus,PBG
20878,L,/997/8/567/688/695/315/453/322/345/878/,"Primary somatosensory area, mouth, layer 1",SSp-m1
20880,L,/997/8/343/1065/771/987/880/,Dorsal tegmental nucleus,DTN
20882,L,/997/8/567/688/695/315/500/985/882/,"Primary motor area, Layer 6b",MOp6b
20884,L,/997/1009/991/768/884/,amygdalar capsule,amc
20888,L,/997/8/567/688/695/315/922/888/,"Perirhinal area, layer 2/3",PERI2/3
20889,L,/997/8/567/688/695/315/453/322/353/889/,"Primary somatosensory area, nose, layer 6a",SSp-n6a
20893,L,/997/8/567/688/695/315/453/378/893/,"Supplemental somatosensory area, layer 6b",SSs6b
20897,L,/997/8/567/688/695/315/677/897/,"Visceral area, layer 1",VISC1
20898,L,/997/8/343/1065/771/987/898/,Pontine central gray,PCG
20900,L,/997/1009/967/840/900/,"anterior commissure, olfactory limb",aco
20902,L,/997/8/567/688/695/315/669/425/902/,"Posterolateral visual area, layer 5",VISpl5
20903,L,/997/8/343/1065/354/386/903/,External cuneate nucleus,ECU
20905,L,/997/8/567/688/695/315/669/402/905/,"Anterolateral visual area, layer 2/3",VISal2/3
20906,L,/997/8/567/688/695/315/254/894/906/,"Retrosplenial area, lateral agranular part, layer 6a",RSPagl6a
20907,L,/997/8/343/1129/549/856/51/907/,Paracentral nucleus,PCN
20908,L,/997/1009/991/768/908/,"anterior commissure, temporal limb",act
20910,L,/997/8/567/688/695/315/714/731/910/,"Orbital area, medial part, layer 6a",ORBm6a
20911,L,/997/1009/967/911/,trochlear nerve,IVn
20912,L,/997/8/512/528/645/912/,Lingula (I),LING
20914,L,/997/8/343/1129/1097/141/914/,Posterodorsal preoptic nucleus,PD
20916,L,/997/1009/967/848/916/,brachium of the superior colliculus,bsc
20919,L,/997/8/567/688/695/315/31/39/919/,"Anterior cingulate area, dorsal part, layer 6a",ACAd6a
20924,L,/997/1009/983/784/924/,cerebal peduncle,cpd
20927,L,/997/8/567/688/695/315/31/39/927/,"Anterior cingulate area, dorsal part, layer 6b",ACAd6b
20929,L,/997/8/567/688/695/315/453/322/353/929/,"Primary somatosensory area, nose, layer 6b",SSp-n6b
20930,L,/997/8/343/1129/549/856/51/930/,Parafascicular nucleus,PF
20931,L,/997/8/343/1065/771/987/931/,Pontine gray,PG
20935,L,/997/8/567/688/695/315/31/39/935/,"Anterior cingulate area, dorsal part, layer 1",ACAd1
20936,L,/997/8/512/528/645/936/,Declive (VI),DEC
20939,L,/997/8/343/1065/354/370/135/939/,"Nucleus ambiguus, dorsal division",AMBd
20940,L,/997/1009/991/768/940/,cingulum bundle,cing
20943,L,/997/8/567/688/695/315/500/985/943/,"Primary motor area, Layer 2/3",MOp2/3
20944,L,/997/8/512/528/645/944/,Folium-tuber vermis (VII),FOTU
20945,L,/997/8/567/688/695/315/453/322/369/945/,"Primary somatosensory area, upper limb, layer 6a",SSp-ul6a
20946,L,/997/8/343/1129/1097/467/946/,Posterior hypothalamic nucleus,PH
20949,L,/997/1009/967/949/,vomeronasal nerve,von
20950,L,/997/8/567/688/695/315/453/322/345/950/,"Primary somatosensory area, mouth, layer 4",SSp-m4
20951,L,/997/8/512/528/645/951/,Pyramus (VIII),PYR
20952,L,/997/8/567/688/703/942/952/,"Endopiriform nucleus, dorsal part",EPd
20954,L,/997/8/567/688/695/315/247/1002/954/,"Primary auditory area, layer 6a",AUDp6a
20955,L,/997/8/343/1065/354/370/235/955/,"Lateral reticular nucleus, magnocellular part",LRNm
20956,L,/997/1009/983/776/956/,"corpus callosum, anterior forceps",fa
20957,L,/997/8/512/528/645/957/,Uvula (IX),UVU
20959,L,/997/8/567/688/695/315/247/1018/959/,"Ventral auditory area, layer 1",AUDv1
20961,L,/997/8/567/688/695/698/961/,Piriform area,PIR
20962,L,/997/8/567/688/695/315/500/993/962/,"Secondary motor area, layer 2/3",MOs2/3
20963,L,/997/8/343/1065/354/370/235/963/,"Lateral reticular nucleus, parvicellular part",LRNp
20964,L,/997/1009/983/776/964/,"corpus callosum, extreme capsule",ee
20965,L,/997/8/567/688/695/315/254/894/965/,"Retrosplenial area, lateral agranular part, layer 2/3",RSPagl2/3
20966,L,/997/8/567/688/703/942/966/,"Endopiriform nucleus, ventral part",EPv
20968,L,/997/8/512/528/645/968/,Nodulus (X),NOD
20969,L,/997/8/567/688/695/315/714/746/969/,"Orbital area, ventrolateral part, layer 1",ORBvl1
20970,L,/997/8/343/1065/354/370/938/970/,"Paragigantocellular reticular nucleus, dorsal part",PGRNd
20971,L,/997/1009/983/776/971/,"corpus callosum, posterior forceps",fp
20973,L,/997/8/567/688/695/315/669/409/973/,"Lateral visual area, layer 2/3",VISl2/3
20974,L,/997/8/567/688/695/315/453/322/345/974/,"Primary somatosensory area, mouth, layer 5",SSp-m5
20975,L,/997/8/343/313/323/975/,Edinger-Westphal nucleus,EW
20976,L,/997/8/512/528/645/920/976/,Lobule II,CENT2
20977,L,/997/8/567/688/695/315/895/977/,Ectorhinal area/Layer 6a,ECT6a
20978,L,/997/8/343/1065/354/370/938/978/,"Paragigantocellular reticular nucleus, lateral part",PGRNl
20980,L,/997/8/343/1129/1097/467/980/,Dorsal premammillary nucleus,PMd
20981,L,/997/8/567/688/695/315/453/322/329/981/,"Primary somatosensory area, barrel field, layer 1",SSp-bfd1
20982,L,/997/8/567/688/695/1089/1080/982/,Fasciola cinerea,FC
20984,L,/997/8/512/528/645/920/984/,Lobule III,CENT3
20986,L,/997/1009/983/776/986/,"corpus callosum, splenium",ccs
20988,L,/997/8/567/688/695/315/895/988/,Ectorhinal area/Layer 5,ECT5
20989,L,/997/8/512/519/989/,Fastigial nucleus,FN
20990,L,/997/8/567/688/695/315/247/1018/990/,"Ventral auditory area, layer 4",AUDv4
20996,L,/997/8/567/688/695/315/95/104/996/,"Agranular insular area, dorsal part, layer 1",AId1
20997,L,/997/,root,root
20998,L,/997/8/567/623/477/493/998/,Fundus of striatum,FS
21004,L,/997/8/343/1129/1097/467/1004/,Ventral premammillary nucleus,PMv
21005,L,/997/8/567/688/695/315/247/1002/1005/,"Primary auditory area, layer 6b",AUDp6b
21006,L,/997/8/567/688/695/315/453/322/361/1006/,"Primary somatosensory area, trunk, layer 1",SSp-tr1
21007,L,/997/8/512/528/1073/1007/,Simple lobule,SIM
21009,L,/997/1009/,fiber tracts,fiber tracts
21010,L,/997/8/567/688/695/315/677/1010/,"Visceral area, layer 4",VISC4
21015,L,/997/8/567/688/695/315/31/39/1015/,"Anterior cingulate area, dorsal part, layer 5",ACAd5
21016,L,/997/1009/967/840/1016/,olfactory nerve layer of main olfactory bulb,onl
21020,L,/997/8/343/1129/549/856/138/1020/,Posterior complex of the thalamus,PO
21021,L,/997/8/567/688/695/315/500/993/1021/,"Secondary motor area, layer 6a",MOs6a
21022,L,/997/8/567/623/803/818/1022/,"Globus pallidus, external segment",GPe
21023,L,/997/8/567/688/695/315/247/1018/1023/,"Ventral auditory area, layer 5",AUDv5
21025,L,/997/8/512/528/1073/1025/,Paramedian lobule,PRM
21026,L,/997/8/567/688/695/315/453/322/369/1026/,"Primary somatosensory area, upper limb, layer 6b",SSp-ul6b
21029,L,/997/8/343/1129/549/856/138/1029/,Posterior limiting nucleus of the thalamus,POL
21030,L,/997/8/567/688/695/315/453/322/337/1030/,"Primary somatosensory area, lower limb, layer 1",SSp-ll1
21031,L,/997/8/567/623/803/818/1031/,"Globus pallidus, internal segment",GPi
21033,L,/997/8/512/528/1073/1033/,Copula pyramidis,COPY
21035,L,/997/8/567/688/695/315/453/378/1035/,"Supplemental somatosensory area, layer 4",SSs4
21037,L,/997/8/567/688/695/1089/822/1037/,Postsubiculum,POST
21038,L,/997/8/567/688/695/315/453/322/329/1038/,"Primary somatosensory area, barrel field, layer 6a",SSp-bfd6a
21039,L,/997/8/343/1065/354/386/720/1039/,Gracile nucleus,GR
21041,L,/997/8/512/528/1073/1041/,Paraflocculus,PFL
21043,L,/997/1009/1000/877/1043/,crossed tectospinal pathway,tspc
21044,L,/997/8/343/1129/549/864/1044/,Peripeduncular nucleus,PP
21045,L,/997/8/567/688/695/315/895/1045/,Ectorhinal area/Layer 6b,ECT6b
21046,L,/997/8/567/688/695/315/669/394/1046/,"Anteromedial visual area, layer 6a",VISam6a
21047,L,/997/8/567/688/695/315/453/322/329/1047/,"Primary somatosensory area, barrel field, layer 4",SSp-bfd4
21048,L,/997/8/343/1065/354/370/1048/,Gigantocellular reticular nucleus,GRN
21049,L,/997/8/512/528/1073/1049/,Flocculus,FL
21052,L,/997/8/343/313/348/1052/,Pedunculopontine nucleus,PPN
21054,L,/997/8/567/688/695/315/44/1054/,"Infralimbic area, layer 6a",ILA6a
21056,L,/997/8/512/528/1073/1017/1056/,Crus 1,ANcr1
21058,L,/997/8/567/688/695/315/677/1058/,"Visceral area, layer 5",VISC5
21060,L,/997/1009/1000/877/1060/,doral tegmental decussation,dtd
21061,L,/997/8/343/313/323/1100/1061/,Posterior pretectal nucleus,PPT
21062,L,/997/8/567/688/695/315/453/322/329/1062/,"Primary somatosensory area, barrel field, layer 6b",SSp-bfd6b
21064,L,/997/8/512/528/1073/1017/1064/,Crus 2,ANcr2
21066,L,/997/8/567/688/695/315/669/394/1066/,"Anteromedial visual area, layer 2/3",VISam2/3
21069,L,/997/8/343/1065/354/370/1069/,Parapyramidal nucleus,PPY
21070,L,/997/8/567/688/695/315/453/322/329/1070/,"Primary somatosensory area, barrel field, layer 5",SSp-bfd5
21072,L,/997/8/343/1129/549/864/1008/475/1072/,"Medial geniculate complex, dorsal part",MGd
21074,L,/997/8/567/688/695/315/669/402/1074/,"Anterolateral visual area, layer 1",VISal1
21077,L,/997/8/343/1129/549/856/444/1077/,Perireunensis nucleus,PR
21079,L,/997/8/343/1129/549/864/1008/475/1079/,"Medial geniculate complex, ventral part",MGv
21081,L,/997/8/567/688/695/315/44/1081/,"Infralimbic area, layer 6b",ILA6b
21084,L,/997/8/567/688/695/1089/822/1084/,Presubiculum,PRE
21085,L,/997/8/567/688/695/315/500/993/1085/,"Secondary motor area, layer 6b",MOs6b
21086,L,/997/8/567/688/695/315/453/322/361/1086/,"Primary somatosensory area, trunk, layer 4",SSp-tr4
21088,L,/997/8/343/1129/549/864/1008/475/1088/,"Medial geniculate complex, medial part",MGm
21089,L,/997/8/567/688/695/1089/,Hippocampal formation,HPF
21090,L,/997/8/567/688/695/315/453/378/1090/,"Supplemental somatosensory area, layer 5",SSs5
21091,L,/997/8/512/528/645/928/1091/,Lobules IV-V,"CUL4, 5"
21092,L,/997/1009/983/896/1092/,external medullary lamina of the thalamus,em
21093,L,/997/8/343/1065/771/987/1093/,"Pontine reticular nucleus, caudal part",PRNc
21094,L,/997/8/567/688/695/315/453/322/337/1094/,"Primary somatosensory area, lower limb, layer 4",SSp-ll4
21096,L,/997/8/343/1129/549/856/239/127/1096/,"Anteromedial nucleus, dorsal part",AMd
21097,L,/997/8/343/1129/1097/,Hypothalamus,HY
21098,L,/997/8/343/1065/354/370/395/1098/,"Medullary reticular nucleus, dorsal part",MDRNd
21101,L,/997/8/567/688/695/315/95/104/1101/,"Agranular insular area, dorsal part, layer 5",AId5
21102,L,/997/8/567/688/695/315/453/322/345/1102/,"Primary somatosensory area, mouth, layer 6a",SSp-m6a
21104,L,/997/8/343/1129/549/856/239/127/1104/,"Anteromedial nucleus, ventral part",AMv
21105,L,/997/8/567/623/477/278/1105/,Intercalated amygdalar nucleus,IA
21106,L,/997/8/567/688/695/315/677/1106/,"Visceral area, layer 2/3",VISC2/3
21107,L,/997/8/343/1065/354/370/395/1107/,"Medullary reticular nucleus, ventral part",MDRNv
21108,L,/997/1009/983/776/1108/,genu of corpus callosum,ccg
21109,L,/997/8/343/1129/1097/141/1109/,Parastrial nucleus,PS
21111,L,/997/8/567/688/695/315/453/322/361/1111/,"Primary somatosensory area, trunk, layer 5",SSp-tr5
21113,L,/997/8/343/1129/549/856/239/1113/,Interanterodorsal nucleus of the thalamus,IAD
21114,L,/997/8/567/688/695/315/669/402/1114/,"Anterolateral visual area, layer 4",VISal4
21116,L,/997/1009/967/798/1116/,genu of the facial nerve,gVIIn
21120,L,/997/8/343/1129/549/856/239/1120/,Interanteromedial nucleus of the thalamus,IAM
21121,L,/997/8/567/688/695/1089/822/909/918/1121/,"Entorhinal area, lateral part, layer 1",ENTl1
21123,L,/997/1009/960/752/1123/,inferior cerebellar peduncle,icp
21125,L,/997/8/567/688/695/315/714/746/1125/,"Orbital area, ventrolateral part, layer 5",ORBvl5
21126,L,/997/8/343/1129/1097/467/331/557/1126/,"Tuberomammillary nucleus, dorsal part",TMd
21127,L,/997/8/567/688/695/315/541/1127/,"Temporal association areas, layer 2/3",TEa2/3
21128,L,/997/8/567/688/695/315/453/322/337/1128/,"Primary somatosensory area, lower limb, layer 5",SSp-ll5
21139,L,/997/8/567/688/695/698/619/1139/,"Nucleus of the lateral olfactory tract, layer 3",NLOT3
21140,L,/997/8/343/1129/1097/1140/,Median eminence,ME
21141,L,/997/8/567/688/695/1089/1080/726/1141/,"Dentate gyrus, molecular layer",DG-mo
21142,L,/997/8/567/688/695/1089/1080/726/1142/,"Dentate gyrus, polymorph layer",DG-po